-- phpMyAdmin SQL Dump
-- version 4.9.5
-- https://www.phpmyadmin.net/
--
-- Host: localhost:3306
-- Creato il: Mar 20, 2023 alle 23:26
-- Versione del server: 10.5.16-MariaDB
-- Versione PHP: 7.3.32

SET SQL_MODE = "NO_AUTO_VALUE_ON_ZERO";
SET AUTOCOMMIT = 0;
START TRANSACTION;
SET time_zone = "+00:00";


/*!40101 SET @OLD_CHARACTER_SET_CLIENT=@@CHARACTER_SET_CLIENT */;
/*!40101 SET @OLD_CHARACTER_SET_RESULTS=@@CHARACTER_SET_RESULTS */;
/*!40101 SET @OLD_COLLATION_CONNECTION=@@COLLATION_CONNECTION */;
/*!40101 SET NAMES utf8mb4 */;

--
-- Database: `id20443522_poketuri_db`
--

-- --------------------------------------------------------

--
-- Struttura della tabella `brands`
--

CREATE TABLE `brands` (
  `id` int(11) NOT NULL,
  `name` varchar(24) COLLATE utf8mb4_unicode_ci NOT NULL,
  `logo` varchar(64) COLLATE utf8mb4_unicode_ci DEFAULT NULL
) ENGINE=InnoDB DEFAULT CHARSET=utf8mb4 COLLATE=utf8mb4_unicode_ci;

--
-- Dump dei dati per la tabella `brands`
--

INSERT INTO `brands` (`id`, `name`, `logo`) VALUES
(1, 'Alfa Romeo', 'Alfa_Romeo.png'),
(2, 'Aston Martin', 'Aston_Martin.png'),
(3, 'Audi', 'Audi.png'),
(4, 'Autobianchi', 'Autobianchi.png'),
(5, 'Bentley', 'Bentley.png'),
(6, 'BMW', 'BMW.png'),
(7, 'Bugatti', 'Bugatti.png'),
(8, 'Caterham', 'Caterham.png'),
(9, 'Chevrolet', 'Chevrolet.png'),
(10, 'Citroen', 'Citroen.png'),
(11, 'Daihatsu', 'Daihatsu.png'),
(12, 'De Tomaso', 'De_Tomaso.png'),
(13, 'Dodge', 'Dodge.png'),
(14, 'Ferrari', 'Ferrari.png'),
(15, 'Fiat', 'Fiat.png'),
(16, 'Ford', 'Ford.png'),
(17, 'Honda', 'Honda.png'),
(18, 'Hyundai', 'Hyundai.png'),
(19, 'Jaguar', 'Jaguar.png'),
(20, 'Lamborghini', 'Lamborghini.png'),
(21, 'Lancia', 'Lancia.png'),
(22, 'Lexus', 'Lexus.png'),
(23, 'Lotus', 'Lotus.png'),
(24, 'Maserati', 'Maserati.png'),
(25, 'Mazda', 'Mazda.png'),
(26, 'McLaren', 'McLaren.png'),
(27, 'Mercedes', 'Mercedes.png'),
(28, 'MG', 'MG.png'),
(29, 'Mini', 'Mini.png'),
(30, 'Mitsubishi', 'Mitsubishi.png'),
(31, 'Nissan', 'Nissan.png'),
(32, 'Opel', 'Opel.png'),
(33, 'Pagani', 'Pagani.png'),
(34, 'Peugeot', 'Peugeot.png'),
(35, 'Porsche', 'Porsche.png'),
(36, 'Renault', 'Renault.png'),
(37, 'Rover', 'Rover.png'),
(38, 'Saab', 'Saab.png'),
(39, 'Seat', 'Seat.png'),
(40, 'Skoda', 'Skoda.png'),
(41, 'Subaru', 'Subaru.png'),
(42, 'Suzuki', 'Suzuki.png'),
(43, 'Toyota', 'Toyota.png'),
(44, 'Tvr', 'Tvr.png'),
(45, 'Volvo', 'Volvo.png'),
(46, 'Vw', 'Vw.png');

-- --------------------------------------------------------

--
-- Struttura della tabella `cars`
--

CREATE TABLE `cars` (
  `id` int(11) NOT NULL,
  `name` varchar(24) COLLATE utf8mb4_unicode_ci NOT NULL,
  `brand` int(11) DEFAULT NULL COMMENT 'brands external id',
  `year` int(11) NOT NULL,
  `cv` int(11) NOT NULL,
  `nm` int(11) NOT NULL,
  `cc` int(11) NOT NULL,
  `kg` int(11) NOT NULL,
  `driveType` varchar(2) COLLATE utf8mb4_unicode_ci NOT NULL,
  `velMax` int(11) NOT NULL,
  `0100` decimal(10,2) NOT NULL,
  `engineType` varchar(12) COLLATE utf8mb4_unicode_ci NOT NULL,
  `wheelBase` int(11) NOT NULL,
  `width` int(11) NOT NULL,
  `brakeFront` int(11) NOT NULL,
  `brakeRear` int(11) NOT NULL,
  `wheelSize` int(11) NOT NULL,
  `tyreFront` int(11) NOT NULL,
  `tyreRear` int(11) NOT NULL,
  `category` varchar(24) COLLATE utf8mb4_unicode_ci NOT NULL,
  `image` varchar(24) COLLATE utf8mb4_unicode_ci NOT NULL,
  `speed` decimal(10,2) NOT NULL,
  `acceleration` decimal(10,2) NOT NULL,
  `revving` decimal(10,2) NOT NULL,
  `transmission` decimal(10,2) NOT NULL,
  `turnSlow` decimal(10,2) NOT NULL,
  `turnFast` decimal(10,2) NOT NULL,
  `brake` decimal(10,2) NOT NULL,
  `traction` decimal(10,2) NOT NULL,
  `price` decimal(10,2) NOT NULL
) ENGINE=InnoDB DEFAULT CHARSET=utf8mb4 COLLATE=utf8mb4_unicode_ci;

--
-- Dump dei dati per la tabella `cars`
--

INSERT INTO `cars` (`id`, `name`, `brand`, `year`, `cv`, `nm`, `cc`, `kg`, `driveType`, `velMax`, `0100`, `engineType`, `wheelBase`, `width`, `brakeFront`, `brakeRear`, `wheelSize`, `tyreFront`, `tyreRear`, `category`, `image`, `speed`, `acceleration`, `revving`, `transmission`, `turnSlow`, `turnFast`, `brake`, `traction`, `price`) VALUES
(1, '145 Quadrifoglio', 1, 1997, 155, 187, 2000, 1240, 'FF', 211, 8.30, 'NA', 254, 171, 284, 240, 15, 195, 195, 'Hot Hatch', '145.png', 34.80, 51.60, 30.70, 48.90, 58.90, 33.80, 42.30, 40.10, 18551.00),
(2, '155 Q4', 1, 1992, 190, 297, 2000, 1445, 'AW', 225, 7.00, 'Turbo', 254, 170, 284, 240, 15, 205, 205, 'Sedan', '155.png', 39.60, 61.60, 38.70, 55.40, 47.40, 41.10, 36.30, 49.10, 28612.00),
(3, '33 Quadrifoglio', 1, 1990, 132, 155, 1700, 1000, 'FF', 205, 8.20, 'NA', 247, 161, 239, 100, 14, 185, 185, 'Hot Hatch', '33.png', 32.70, 52.40, 30.40, 51.00, 70.80, 34.90, 33.90, 45.90, 16501.00),
(4, '75 Quadrifoglio', 1, 1990, 192, 245, 3000, 1190, 'FR', 222, 7.50, 'Turbo', 251, 166, 265, 250, 15, 195, 195, 'Sedan', '75.png', 38.60, 57.70, 41.10, 58.90, 60.90, 37.70, 43.30, 44.30, 16874.00),
(5, 'GTV v6 Cup', 1, 1997, 220, 270, 3000, 1415, 'FF', 240, 6.70, 'NA', 254, 178, 305, 240, 16, 205, 205, 'Coupè', 'gtv.png', 44.80, 63.90, 41.70, 61.10, 49.00, 35.20, 38.50, 29.20, 24713.00),
(6, 'Vantage', 2, 1997, 558, 745, 5400, 1990, 'FR', 300, 4.70, 'NA', 261, 194, 362, 286, 18, 285, 285, 'Grand Touring', 'vantage.png', 65.50, 79.30, 80.90, 79.80, 19.70, 63.60, 32.60, 21.30, 278736.00),
(7, '80 RS2', 3, 1994, 315, 410, 2200, 1595, 'AW', 262, 5.40, 'Turbo', 260, 170, 304, 299, 17, 245, 245, 'Sedan', '80.png', 52.40, 73.90, 55.20, 71.40, 41.00, 61.60, 37.80, 42.50, 64490.00),
(8, 'Coupè S2', 3, 1993, 230, 350, 2200, 1463, 'AW', 248, 5.90, 'Turbo', 255, 172, 276, 245, 16, 205, 205, 'Coupè', 's2.png', 47.50, 70.00, 46.70, 64.40, 46.70, 39.60, 35.60, 41.60, 43707.00),
(9, 'RS4', 3, 2000, 380, 440, 2700, 1620, 'AW', 250, 4.90, 'Turbo', 261, 180, 360, 312, 18, 255, 255, 'Sedan', 'rs4.png', 48.20, 77.70, 60.10, 76.30, 40.00, 59.80, 41.50, 41.20, 71790.00),
(10, 'S3', 3, 2001, 225, 280, 1800, 1420, 'AW', 243, 6.60, 'Turbo', 252, 176, 312, 256, 17, 225, 225, 'Hot Hatch', 's3.png', 45.80, 64.70, 42.70, 62.00, 48.10, 48.20, 40.00, 57.10, 36260.00),
(11, 'S6', 3, 2001, 340, 420, 4000, 1760, 'AW', 250, 6.70, 'NA', 269, 180, 314, 269, 17, 255, 255, 'Sedan', 's6.png', 48.20, 63.90, 55.40, 65.90, 35.20, 59.80, 33.10, 43.20, 59185.00),
(12, 'TT', 3, 1998, 225, 280, 1800, 1465, 'AW', 243, 6.60, 'Turbo', 243, 176, 312, 256, 17, 225, 225, 'Coupè', 'tt.png', 45.80, 64.70, 41.90, 61.20, 42.50, 48.20, 38.80, 57.10, 45360.00),
(13, 'A112 Abarth', 4, 1975, 70, 87, 1000, 700, 'FF', 155, 13.60, 'NA', 204, 148, 227, 100, 13, 155, 155, 'City Car', 'a112.png', 15.50, 10.80, 17.00, 20.80, 79.60, 22.00, 46.70, 68.50, 9906.00),
(14, 'Y10 Turbo', 4, 1985, 86, 125, 1000, 790, 'FF', 180, 9.50, 'Turbo', 216, 151, 240, 100, 13, 155, 155, 'Compact', 'y10.png', 24.10, 42.40, 22.40, 39.80, 76.40, 19.10, 43.00, 47.60, 10975.00),
(15, 'Continental R', 5, 1995, 385, 750, 6800, 2450, 'FR', 249, 6.00, 'Turbo', 306, 188, 340, 279, 17, 255, 255, 'Grand Touring', 'continental.png', 47.90, 69.30, 70.50, 64.10, 14.20, 55.00, 25.30, 18.90, 291282.00),
(16, '850 CSI', 6, 1992, 380, 550, 5600, 1865, 'FR', 250, 6.00, 'NA', 268, 186, 345, 328, 17, 235, 265, 'Grand Touring', '850.png', 48.20, 69.30, 64.20, 69.70, 29.20, 60.40, 36.10, 26.80, 80450.00),
(17, 'M1', 6, 1978, 277, 330, 3500, 1300, 'MR', 262, 5.60, 'NA', 256, 182, 300, 297, 16, 205, 205, 'Supercar', 'm1.png', 52.40, 72.40, 51.90, 72.00, 56.10, 32.20, 45.90, 38.20, 112130.00),
(18, 'M3 E30', 6, 1988, 220, 245, 2300, 1200, 'FR', 243, 6.70, 'NA', 256, 168, 289, 282, 16, 225, 225, 'Sedan', 'e30.png', 45.80, 63.90, 43.90, 64.90, 61.70, 53.60, 47.60, 51.20, 44603.00),
(19, 'M3 E36', 6, 1996, 321, 350, 3200, 1535, 'FR', 250, 5.50, 'NA', 271, 171, 315, 312, 17, 225, 245, 'Sedan', 'e36.png', 48.20, 73.10, 52.80, 72.10, 47.70, 61.00, 40.80, 39.00, 57689.00),
(20, 'M3 E46', 6, 2000, 343, 365, 3200, 1470, 'FR', 250, 5.20, 'NA', 273, 178, 325, 328, 18, 255, 255, 'Sedan', 'e46.png', 48.20, 75.40, 55.60, 75.10, 51.70, 61.00, 44.40, 38.90, 88700.00),
(21, 'M5 E34', 6, 1994, 340, 400, 3800, 1718, 'FR', 250, 5.90, 'NA', 276, 175, 345, 328, 18, 245, 245, 'Sedan', 'e34.png', 48.20, 70.00, 54.70, 69.50, 39.70, 58.50, 39.20, 34.10, 75145.00),
(22, 'M5 E39', 6, 2000, 400, 500, 5000, 1695, 'FR', 250, 5.30, 'NA', 283, 180, 365, 328, 18, 275, 275, 'Sedan', 'e39.png', 48.20, 74.70, 63.70, 74.90, 43.10, 67.50, 40.90, 30.60, 109000.00),
(23, 'M635', 6, 1984, 286, 334, 3500, 1500, 'FR', 255, 6.40, 'NA', 263, 173, 300, 284, 16, 220, 220, 'Grand Touring', 'm635.png', 50.00, 66.20, 50.00, 66.80, 47.10, 47.60, 38.90, 36.70, 42453.00),
(24, 'Z3 M', 6, 2000, 325, 350, 3200, 1390, 'FR', 250, 5.30, 'NA', 246, 174, 315, 312, 17, 225, 245, 'Coupè', 'z3m.png', 48.20, 74.70, 54.70, 74.80, 47.90, 59.10, 45.10, 39.00, 56100.00),
(25, 'EB110', 7, 1991, 560, 611, 3500, 1796, 'MR', 336, 3.60, 'Turbo', 255, 194, 332, 332, 18, 245, 245, 'Supercar', 'eb110.png', 77.90, 87.70, 74.30, 85.40, 28.00, 46.70, 37.00, 24.60, 345200.00),
(26, 'Super 7', 8, 1992, 250, 252, 2000, 540, 'FR', 235, 3.50, 'NA', 225, 158, 254, 229, 13, 185, 205, 'Supercar', 'seven.png', 43.10, 88.50, 57.00, 89.80, 94.30, 49.90, 89.40, 45.30, 98680.00),
(27, 'Camaro Z28', 9, 1998, 288, 437, 5700, 1644, 'FR', 254, 5.50, 'NA', 257, 188, 299, 301, 16, 245, 245, 'Coupè', 'camaro.png', 49.60, 73.10, 54.30, 68.50, 37.20, 50.50, 36.50, 31.20, 37702.00),
(28, 'Corvette C4 ZR1', 9, 1993, 411, 522, 5700, 1589, 'FR', 291, 4.70, 'NA', 244, 186, 330, 305, 17, 275, 315, 'Supercar', 'c4.png', 62.40, 79.30, 66.50, 78.70, 35.60, 77.30, 40.00, 33.60, 83847.00),
(29, 'Corvette C5 Z06', 9, 2001, 390, 522, 5700, 1400, 'FR', 275, 4.60, 'NA', 266, 187, 320, 320, 18, 265, 295, 'Supercar', 'c5.png', 56.80, 80.00, 67.60, 80.10, 53.40, 70.70, 45.70, 31.50, 53041.00),
(30, 'AX Gti', 10, 1991, 95, 120, 1400, 795, 'FF', 186, 9.00, 'NA', 229, 160, 238, 100, 13, 175, 175, 'Compact', 'ax.png', 26.20, 46.20, 25.30, 44.80, 79.00, 28.20, 42.50, 56.00, 12525.00),
(31, 'Saxo VTS', 10, 1998, 120, 145, 1600, 882, 'FF', 205, 8.70, 'NA', 239, 162, 247, 247, 14, 185, 185, 'Compact', 'saxo.png', 32.70, 48.50, 30.70, 49.90, 75.90, 34.00, 56.00, 49.00, 12721.00),
(32, 'Visa Gti', 10, 1985, 105, 132, 1600, 850, 'FF', 188, 9.10, 'NA', 242, 160, 247, 100, 13, 185, 185, 'Compact', 'visa.png', 26.80, 45.40, 27.00, 45.50, 78.40, 35.70, 40.80, 53.90, 12220.00),
(33, 'Xsara VTS', 10, 1998, 167, 193, 2000, 1190, 'FF', 220, 8.00, 'NA', 254, 170, 283, 247, 15, 195, 195, 'Hot Hatch', 'xsara.png', 37.90, 53.90, 34.40, 53.40, 61.70, 34.60, 44.50, 38.80, 21170.00),
(34, 'ZX 2.0', 10, 1996, 167, 193, 2000, 1149, 'FF', 219, 8.50, 'NA', 254, 172, 283, 247, 15, 195, 195, 'Hot Hatch', 'zx.png', 37.50, 50.00, 35.30, 52.40, 64.00, 33.10, 46.10, 38.80, 20091.00),
(35, 'Charade Gtti', 11, 1987, 101, 130, 1000, 808, 'FF', 185, 8.20, 'Turbo', 234, 162, 234, 236, 14, 175, 175, 'Compact', 'charade.png', 25.80, 52.40, 27.30, 49.30, 79.30, 26.50, 58.20, 51.70, 12633.00),
(36, 'Mini Turbo', 12, 1984, 68, 106, 1000, 670, 'FF', 165, 10.80, 'Turbo', 205, 153, 213, 100, 13, 160, 160, 'City Car', 'minit.png', 18.90, 32.40, 18.70, 32.20, 81.90, 21.80, 46.70, 58.00, 8940.00),
(37, 'Pantera GTS', 12, 1970, 355, 491, 5800, 1382, 'MR', 254, 5.50, 'NA', 252, 190, 179, 302, 15, 185, 215, 'Supercar', 'pantera.png', 49.60, 73.10, 64.60, 75.50, 50.30, 32.80, 34.80, 26.90, 81792.00),
(38, 'Viper GTS', 13, 1996, 456, 664, 8000, 1531, 'FR', 285, 4.00, 'NA', 244, 192, 330, 330, 17, 275, 335, 'Supercar', 'viper.png', 60.30, 84.70, 76.90, 83.30, 39.00, 79.90, 43.10, 28.10, 113500.00),
(39, '288 Gto', 14, 1984, 400, 496, 2900, 1160, 'MR', 305, 4.90, 'Turbo', 245, 192, 306, 310, 16, 225, 265, 'Supercar', '288.png', 67.20, 77.70, 68.70, 81.60, 61.00, 56.90, 53.10, 32.80, 134000.00),
(40, '348', 14, 1989, 300, 323, 3400, 1393, 'MR', 275, 5.60, 'NA', 245, 189, 300, 305, 17, 215, 215, 'Supercar', '348.png', 56.80, 72.40, 51.70, 72.20, 47.40, 33.50, 43.40, 40.90, 85732.00),
(41, '360', 14, 1999, 300, 372, 3600, 1400, 'MR', 295, 4.50, 'NA', 260, 192, 330, 330, 18, 215, 275, 'Supercar', '360.png', 63.70, 80.80, 54.50, 76.30, 51.70, 60.90, 47.10, 45.40, 142800.00),
(42, '550', 14, 1996, 486, 568, 5500, 1690, 'FR', 320, 4.40, 'NA', 250, 194, 330, 310, 18, 255, 295, 'Supercar', '550.png', 72.40, 81.60, 70.70, 81.30, 32.00, 67.10, 37.90, 28.90, 188507.00),
(43, 'F355', 14, 1994, 380, 363, 3500, 1350, 'MR', 295, 4.70, 'NA', 245, 190, 300, 310, 18, 225, 255, 'Supercar', '355.png', 63.70, 79.30, 58.20, 79.90, 49.90, 53.80, 45.20, 43.20, 121781.00),
(44, 'F40', 14, 1987, 478, 577, 3000, 1235, 'MR', 324, 3.80, 'Turbo', 245, 199, 330, 330, 17, 245, 335, 'Supercar', 'f40.png', 73.70, 86.20, 74.70, 87.10, 56.60, 76.70, 53.40, 35.70, 191861.00),
(45, 'F50', 14, 1995, 520, 471, 4700, 1230, 'MR', 325, 3.70, 'NA', 258, 198, 356, 335, 18, 245, 335, 'Supercar', 'f50.png', 74.10, 87.00, 69.20, 88.30, 60.50, 77.20, 56.20, 43.70, 440435.00),
(46, 'Testarossa', 14, 1984, 390, 480, 5000, 1506, 'MR', 290, 5.70, 'NA', 255, 198, 310, 310, 16, 225, 255, 'Supercar', 'testarossa.png', 62.00, 71.60, 64.00, 74.80, 44.30, 49.10, 41.20, 32.60, 138979.00),
(47, '131 Abarth', 15, 1976, 140, 172, 2000, 980, 'FR', 190, 7.70, 'NA', 249, 172, 227, 227, 15, 195, 195, 'Sedan', '131.png', 27.50, 56.20, 33.60, 55.10, 72.40, 33.10, 46.30, 63.20, 30450.00),
(48, 'Barchetta', 15, 1995, 131, 164, 1800, 1135, 'FF', 200, 8.90, 'NA', 228, 164, 254, 240, 15, 195, 195, 'Spider', 'barchetta.png', 31.00, 47.00, 26.70, 44.10, 57.50, 39.30, 43.50, 45.70, 19844.00),
(49, 'Bravo HGT', 15, 1999, 154, 186, 2000, 1190, 'FF', 206, 9.70, 'NA', 254, 178, 284, 240, 15, 205, 205, 'Hot Hatch', 'bravo.png', 33.10, 40.80, 31.70, 44.60, 61.70, 35.20, 44.00, 42.30, 19858.00),
(50, 'Cinquecento Sporting', 15, 1994, 55, 86, 1100, 727, 'FF', 153, 13.50, 'NA', 220, 148, 240, 100, 13, 165, 165, 'City Car', 'cinquecento.png', 14.80, 11.60, 4.60, 8.90, 81.40, 30.80, 46.80, 73.70, 8852.00),
(51, 'Coupè 20v', 15, 1993, 220, 310, 2000, 1270, 'FF', 250, 7.00, 'Turbo', 254, 177, 305, 240, 16, 205, 205, 'Coupè', 'coupe.png', 48.20, 61.60, 46.50, 62.50, 57.20, 35.90, 42.90, 25.40, 27200.00),
(52, 'Punto GT', 15, 1994, 136, 208, 1400, 981, 'FF', 200, 7.90, 'Turbo', 245, 163, 257, 240, 14, 185, 185, 'Compact', 'punto.png', 31.00, 54.70, 35.00, 53.50, 71.40, 33.20, 50.70, 34.20, 16527.00),
(53, 'Ritmo 130 TC', 15, 1983, 130, 176, 2000, 950, 'FF', 190, 8.70, 'NA', 243, 169, 251, 100, 14, 185, 185, 'Hot Hatch', 'ritmo.png', 27.50, 48.50, 32.70, 50.00, 72.80, 28.30, 36.90, 40.40, 15900.00),
(54, 'Seicento Sporting', 15, 1998, 55, 86, 1100, 735, 'FF', 153, 13.50, 'NA', 220, 151, 240, 100, 13, 165, 165, 'City Car', 'seicento.png', 14.80, 11.60, 4.00, 8.30, 80.90, 28.10, 46.30, 73.70, 8470.00),
(55, 'Tipo 16v', 15, 1991, 146, 173, 2000, 1180, 'FF', 208, 8.20, 'NA', 254, 170, 284, 240, 15, 195, 195, 'Hot Hatch', 'tipo.png', 33.70, 52.40, 29.50, 49.00, 62.30, 34.60, 44.40, 43.30, 15752.00),
(56, 'Uno Turbo', 15, 1985, 105, 147, 1300, 845, 'FF', 200, 8.30, 'Turbo', 236, 156, 245, 227, 13, 175, 175, 'Compact', 'uno.png', 31.00, 51.60, 28.10, 48.70, 77.50, 31.70, 55.90, 45.70, 12690.00),
(57, 'Escort RS Cosworth', 16, 1994, 227, 299, 2000, 1320, 'AW', 232, 6.10, 'Turbo', 255, 173, 278, 273, 16, 225, 225, 'Hot Hatch', 'escortc.png', 42.00, 68.50, 45.70, 65.80, 54.70, 50.20, 41.70, 53.50, 43596.00),
(58, 'Escort Turbo RS', 16, 1986, 132, 180, 1600, 965, 'FF', 206, 8.70, 'Turbo', 240, 164, 240, 100, 15, 195, 195, 'Hot Hatch', 'escortt.png', 33.10, 48.50, 32.90, 50.00, 71.20, 39.30, 35.20, 41.60, 11784.00),
(59, 'Fiesta Turbo', 16, 1990, 133, 180, 1600, 900, 'FF', 205, 8.20, 'Turbo', 245, 163, 240, 100, 14, 185, 185, 'Compact', 'fiesta.png', 32.70, 52.40, 35.00, 54.10, 76.10, 33.20, 37.80, 39.50, 12485.00),
(60, 'Mondeo ST200', 16, 1999, 205, 235, 2500, 1337, 'FF', 228, 7.90, 'NA', 270, 175, 278, 253, 17, 215, 215, 'Sedan', 'mondeo.png', 40.60, 54.70, 39.20, 56.20, 57.90, 43.40, 39.70, 35.10, 23241.00),
(61, 'Mustang Cobra', 16, 2000, 390, 522, 5400, 1628, 'FR', 241, 5.40, 'NA', 257, 186, 330, 296, 17, 245, 245, 'Coupè', 'mustang.png', 45.10, 73.90, 65.30, 74.80, 38.10, 51.70, 38.50, 26.10, 56900.00),
(62, 'Puma', 16, 1997, 125, 157, 1700, 1008, 'FF', 203, 9.20, 'NA', 245, 167, 240, 100, 15, 195, 195, 'Coupè', 'puma.png', 32.00, 44.70, 28.60, 45.20, 69.80, 37.00, 33.70, 47.70, 15334.00),
(63, 'Sierra RS 4wd', 16, 1990, 220, 290, 2000, 1290, 'AW', 240, 6.90, 'Turbo', 261, 170, 283, 273, 15, 205, 205, 'Hot Hatch', 'sierra4.png', 44.80, 62.40, 45.00, 62.50, 58.00, 41.10, 43.10, 50.20, 24661.00),
(64, 'Sierra RS Corworth', 16, 1986, 204, 276, 2000, 1205, 'FR', 240, 6.80, 'Turbo', 261, 173, 283, 273, 15, 205, 205, 'Hot Hatch', 'sierrac.png', 44.80, 63.10, 44.00, 62.70, 62.70, 38.90, 46.10, 41.40, 27777.00),
(65, 'Civic EF', 17, 1990, 150, 144, 1600, 1030, 'FF', 208, 7.30, 'NA', 250, 168, 262, 239, 15, 195, 195, 'Compact', 'ef.png', 33.70, 59.30, 32.50, 57.10, 69.80, 36.20, 48.60, 52.00, 19053.00),
(66, 'Civic EG', 17, 1991, 160, 150, 1600, 1083, 'FF', 215, 7.30, 'NA', 257, 170, 262, 239, 15, 195, 195, 'Compact', 'eg.png', 36.20, 59.30, 33.20, 57.50, 68.40, 34.60, 46.30, 50.00, 22750.00),
(67, 'Civic EK', 17, 1995, 160, 153, 1600, 1065, 'FF', 207, 8.00, 'NA', 262, 170, 262, 239, 15, 195, 195, 'Hot Hatch', 'ek.png', 33.40, 53.90, 33.80, 55.20, 70.60, 34.60, 47.00, 49.00, 23119.00),
(68, 'CRX', 17, 1990, 150, 144, 1600, 1010, 'FF', 222, 7.20, 'NA', 230, 168, 262, 239, 15, 195, 195, 'Coupè', 'crx.png', 38.60, 60.00, 33.00, 58.00, 65.90, 36.20, 49.60, 52.00, 25940.00),
(69, 'Integra', 17, 1998, 192, 178, 1800, 1120, 'FF', 233, 6.70, 'NA', 257, 170, 282, 260, 15, 195, 195, 'Coupè', 'integra.png', 42.40, 63.90, 38.50, 63.40, 66.40, 34.60, 48.40, 42.10, 26159.00),
(70, 'NSX', 17, 1997, 280, 298, 3200, 1370, 'MR', 275, 5.90, 'NA', 253, 181, 282, 282, 16, 205, 225, 'Supercar', 'nsx.png', 56.80, 70.00, 49.20, 70.10, 51.30, 44.80, 41.20, 46.40, 72821.00),
(71, 'Prelude', 17, 1996, 220, 221, 2200, 1310, 'FF', 226, 7.50, 'NA', 259, 175, 282, 260, 16, 205, 205, 'Coupè', 'prelude.png', 40.00, 57.70, 40.50, 59.80, 56.40, 37.40, 41.40, 35.60, 25359.00),
(72, 'S2000', 17, 1999, 240, 208, 2000, 1220, 'FR', 241, 6.20, 'NA', 240, 175, 300, 282, 16, 205, 225, 'Spider', 's2000.png', 45.10, 67.70, 43.10, 68.20, 56.00, 48.90, 47.70, 60.30, 48700.00),
(73, 'Coupè', 18, 1996, 137, 180, 2000, 1150, 'FF', 200, 8.60, 'NA', 248, 173, 257, 257, 14, 195, 195, 'Coupè', 'hyundai.png', 31.00, 49.30, 28.70, 46.30, 62.40, 32.30, 44.70, 41.60, 20401.00),
(74, 'XJ R', 19, 1997, 370, 525, 4000, 1775, 'FR', 250, 5.60, 'NA', 287, 180, 305, 305, 18, 255, 255, 'Sedan', 'xj.png', 48.20, 72.40, 63.10, 71.60, 40.30, 59.80, 34.40, 27.00, 67915.00),
(75, 'XJ220', 19, 1991, 550, 644, 4000, 1470, 'MR', 343, 3.60, 'Turbo', 264, 201, 330, 300, 18, 255, 345, 'Supercar', 'xj220.png', 80.30, 87.70, 78.40, 87.50, 49.10, 78.40, 42.90, 32.90, 150300.00),
(76, 'XKR', 19, 1998, 363, 505, 4000, 1640, 'FR', 250, 5.60, 'NA', 259, 183, 325, 305, 18, 245, 255, 'Grand Touring', 'xkr.png', 48.20, 72.40, 63.00, 72.70, 38.20, 58.00, 38.40, 28.10, 87630.00),
(77, 'Countach', 20, 1985, 455, 500, 5200, 1490, 'MR', 298, 4.80, 'NA', 245, 200, 300, 282, 15, 205, 345, 'Supercar', 'countach.png', 64.80, 78.50, 67.50, 80.60, 41.70, 78.90, 39.10, 42.40, 140500.00),
(78, 'Diablo', 20, 2000, 550, 620, 6000, 1625, 'MR', 330, 3.90, 'NA', 265, 204, 355, 335, 18, 245, 335, 'Supercar', 'diablo.png', 75.80, 85.40, 75.80, 85.20, 41.00, 74.50, 42.50, 33.20, 157003.00),
(79, 'Dedra Turbo', 21, 1991, 171, 264, 2000, 1350, 'AW', 215, 8.00, 'Turbo', 254, 170, 284, 240, 15, 195, 195, 'Sedan', 'dedra.png', 36.20, 53.90, 35.60, 50.50, 52.70, 34.60, 38.80, 52.50, 26521.00),
(80, 'Delta Evoluzione', 21, 1991, 215, 304, 2000, 1300, 'AW', 219, 6.30, 'Turbo', 248, 178, 281, 251, 16, 205, 205, 'Hot Hatch', 'evoluzione.png', 37.50, 67.00, 45.10, 64.10, 53.70, 35.20, 40.90, 47.90, 29880.00),
(81, 'Delta HF 16v', 21, 1989, 200, 310, 2000, 1250, 'AW', 220, 5.70, 'Turbo', 248, 169, 284, 227, 15, 205, 205, 'Hot Hatch', 'delta16.png', 37.90, 71.60, 44.70, 65.70, 56.60, 41.80, 40.90, 47.00, 21383.00),
(82, 'Delta HPE', 21, 1998, 186, 290, 2000, 1330, 'FF', 220, 7.50, 'Turbo', 254, 176, 284, 240, 16, 215, 215, 'Hot Hatch', 'hpe.png', 37.90, 57.70, 40.00, 55.20, 53.80, 42.70, 39.40, 28.50, 20814.00),
(83, 'Thema 8.32', 21, 1987, 215, 285, 3000, 1400, 'FF', 240, 6.80, 'NA', 266, 173, 284, 251, 15, 205, 205, 'Grand Touring', 'thema.png', 44.80, 63.10, 42.20, 60.40, 53.40, 38.90, 38.20, 27.60, 37302.00),
(84, 'IS200 RS', 22, 1998, 210, 216, 2000, 1340, 'FR', 215, 9.50, 'NA', 267, 172, 297, 307, 17, 215, 215, 'Sedan', 'is200.png', 36.20, 42.40, 38.60, 50.60, 56.90, 45.50, 45.10, 55.50, 27500.00),
(85, 'Elise', 23, 2000, 160, 175, 1800, 805, 'MR', 211, 5.10, 'NA', 230, 172, 282, 282, 17, 175, 225, 'Coupè', 'elise.png', 34.80, 76.20, 41.30, 72.60, 78.60, 50.90, 70.10, 79.10, 68960.00),
(86, 'Esprit', 23, 1997, 354, 400, 3500, 1380, 'MR', 282, 4.90, 'Turbo', 242, 186, 296, 300, 18, 235, 285, 'Supercar', 'esprit.png', 59.30, 77.70, 59.10, 77.80, 47.20, 67.80, 43.20, 43.80, 87204.00),
(87, 'Exige', 23, 2000, 179, 171, 1800, 780, 'MR', 219, 4.90, 'NA', 230, 172, 295, 295, 17, 225, 225, 'Supercar', 'exige.png', 37.50, 77.70, 43.70, 76.00, 80.20, 50.90, 75.60, 80.90, 105440.00),
(88, '3200GT', 24, 1998, 370, 491, 3200, 1590, 'FR', 280, 5.10, 'Turbo', 266, 182, 330, 310, 18, 235, 265, 'Supercar', '3200.png', 58.60, 76.20, 63.00, 75.50, 43.20, 62.70, 40.30, 30.00, 116800.00),
(89, 'Biturbo', 24, 1988, 245, 296, 2000, 1240, 'FR', 230, 5.90, 'Turbo', 240, 171, 290, 280, 15, 205, 225, 'Sedan', 'biturbo.png', 41.30, 70.00, 48.40, 69.40, 54.80, 51.60, 46.00, 42.30, 62492.00),
(90, 'Shamal', 24, 1989, 326, 432, 3200, 1417, 'FR', 270, 5.00, 'Turbo', 240, 182, 290, 280, 17, 225, 245, 'Grand Touring', 'shamal.png', 55.10, 77.00, 59.30, 75.70, 44.30, 54.20, 40.20, 31.60, 56700.00),
(91, '323 GT-r', 25, 1992, 185, 235, 1800, 1210, 'AW', 221, 7.00, 'Turbo', 245, 169, 274, 280, 15, 195, 195, 'Hot Hatch', '323.png', 38.20, 61.60, 39.10, 59.50, 58.10, 35.40, 45.80, 59.00, 21378.00),
(92, '323 Lantis', 25, 1994, 147, 183, 2000, 1210, 'FF', 208, 9.40, 'NA', 261, 170, 274, 251, 16, 205, 205, 'Coupè', 'lantis.png', 33.70, 43.10, 29.50, 43.80, 62.40, 41.10, 43.40, 43.00, 20651.00),
(93, 'Mx-3', 25, 1991, 136, 160, 1800, 1115, 'FF', 202, 8.50, 'NA', 246, 170, 257, 251, 15, 205, 205, 'Coupè', 'mx3.png', 31.70, 50.00, 28.30, 47.40, 63.90, 41.10, 45.60, 49.20, 21196.00),
(94, 'Mx-5 NA', 25, 1994, 131, 152, 1800, 990, 'FR', 197, 8.70, 'NA', 227, 168, 255, 251, 14, 185, 185, 'Spider', 'na.png', 30.00, 48.50, 30.30, 49.10, 66.30, 29.10, 51.10, 67.80, 19499.00),
(95, 'Mx-5 NB', 25, 2001, 146, 168, 1800, 1040, 'FR', 206, 8.50, 'NA', 227, 168, 270, 276, 15, 195, 195, 'Spider', 'nb.png', 33.10, 50.00, 32.90, 51.50, 63.20, 36.20, 52.50, 64.70, 22079.00),
(96, 'Rx-7 FC', 25, 1990, 200, 265, 1300, 1300, 'FR', 240, 6.70, 'Turbo', 243, 169, 276, 273, 16, 205, 205, 'Coupè', 'fc.png', 44.80, 63.90, 41.10, 60.80, 52.20, 41.80, 42.20, 43.10, 28824.00),
(97, 'Rx-7 FD', 25, 1992, 255, 296, 1300, 1190, 'FR', 255, 5.20, 'Turbo', 242, 175, 294, 294, 16, 225, 225, 'Coupè', 'fd.png', 50.00, 75.40, 49.90, 73.60, 58.40, 48.90, 49.40, 42.30, 43866.00),
(98, 'F1', 26, 1992, 627, 617, 6000, 1138, 'MR', 387, 3.20, 'NA', 272, 182, 332, 305, 17, 235, 315, 'Supercar', 'f1.png', 95.50, 90.80, 80.10, 92.30, 68.90, 79.20, 56.00, 31.40, 540000.00),
(99, '190 Evo', 27, 1990, 235, 245, 2500, 1340, 'FR', 250, 7.10, 'NA', 266, 172, 300, 277, 17, 245, 245, 'Sedan', '190.png', 48.20, 60.80, 43.00, 62.40, 56.70, 60.30, 43.10, 55.70, 40403.00),
(100, 'C43 AMG', 27, 1997, 306, 410, 4300, 1470, 'FR', 250, 6.50, 'NA', 269, 172, 273, 279, 17, 225, 245, 'Sedan', 'c43.png', 48.20, 65.40, 56.20, 68.10, 50.60, 60.30, 37.60, 33.30, 63731.00),
(101, 'CLK AMG', 27, 1999, 347, 510, 5500, 1520, 'FR', 250, 5.40, 'NA', 269, 172, 334, 300, 17, 225, 245, 'Coupè', 'clk.png', 48.20, 73.90, 63.80, 74.00, 47.90, 60.30, 41.70, 26.70, 81031.00),
(102, 'SLK AMG', 27, 2001, 354, 450, 3200, 1395, 'FR', 250, 5.20, 'Volumetrico', 240, 171, 300, 278, 17, 245, 245, 'Spider', 'slk.png', 48.20, 75.40, 61.90, 76.40, 45.60, 61.00, 41.40, 30.30, 62300.00),
(103, 'MGF', 28, 2001, 160, 174, 1800, 1035, 'MR', 220, 7.00, 'NA', 238, 163, 304, 304, 16, 215, 215, 'Spider', 'mgf.png', 37.90, 61.60, 35.80, 59.80, 66.50, 51.80, 58.70, 76.00, 28770.00),
(104, 'ZR', 28, 2001, 160, 174, 1800, 1090, 'FF', 210, 7.80, 'NA', 250, 169, 282, 260, 17, 205, 205, 'Hot Hatch', 'zr.png', 34.40, 55.40, 34.40, 55.40, 66.30, 41.80, 49.70, 45.30, 19720.00),
(105, 'ZS', 28, 2001, 177, 240, 2500, 1235, 'FF', 224, 7.70, 'NA', 262, 170, 282, 260, 17, 205, 205, 'Sedan', 'zs.png', 39.30, 56.20, 37.80, 55.20, 61.30, 41.10, 43.90, 32.80, 23310.00),
(106, 'Cooper S', 29, 1997, 63, 95, 1300, 670, 'FF', 143, 13.80, 'NA', 204, 141, 213, 100, 13, 175, 175, 'City Car', 'cooper.png', 11.30, 9.30, 15.00, 17.60, 81.70, 44.60, 46.70, 70.80, 8852.00),
(107, '3000GT', 30, 1994, 286, 415, 3000, 1740, 'AW', 254, 6.10, 'Turbo', 247, 184, 313, 297, 17, 225, 225, 'Coupè', '3000gt.png', 49.60, 68.50, 51.60, 64.70, 28.00, 42.80, 35.10, 38.50, 59161.00),
(108, 'Colt GTI', 30, 1992, 140, 167, 1800, 1020, 'FF', 210, 7.60, 'NA', 244, 169, 254, 224, 14, 185, 185, 'Compact', 'colt.png', 34.40, 57.00, 32.20, 54.40, 68.90, 28.30, 46.90, 42.60, 17204.00),
(109, 'Eclipse', 30, 1994, 213, 290, 2000, 1305, 'FF', 248, 6.60, 'Turbo', 251, 174, 279, 250, 16, 215, 215, 'Coupè', 'eclipse.png', 47.50, 64.70, 44.00, 62.70, 54.30, 44.10, 40.50, 28.50, 27863.00),
(110, 'Lancer Evo 5', 30, 1997, 280, 373, 2000, 1280, 'AW', 246, 5.10, 'Turbo', 251, 177, 320, 300, 17, 225, 225, 'Sedan', 'evo5.png', 46.80, 76.20, 54.90, 74.40, 55.80, 47.50, 48.40, 42.90, 45560.00),
(111, 'Lancer Evo 6', 30, 1999, 280, 380, 2000, 1260, 'AW', 240, 4.90, 'Turbo', 251, 177, 320, 300, 17, 225, 225, 'Sedan', 'evo6.png', 44.80, 77.70, 55.60, 75.40, 56.90, 47.50, 49.20, 42.10, 45980.00),
(112, 'Lancer Evo 7', 30, 2001, 280, 390, 2000, 1400, 'AW', 242, 5.40, 'Turbo', 263, 177, 320, 300, 17, 235, 235, 'Sedan', 'evo7.png', 45.50, 73.90, 54.30, 71.60, 52.60, 52.60, 44.30, 42.80, 46430.00),
(113, '180SX', 31, 1989, 171, 224, 1800, 1190, 'FR', 225, 7.30, 'Turbo', 248, 169, 280, 258, 15, 195, 195, 'Coupè', '180sx.png', 39.60, 59.30, 36.90, 56.80, 60.10, 35.40, 45.20, 48.50, 18903.00),
(114, '200SX S13', 31, 1991, 205, 275, 2000, 1170, 'FR', 230, 7.30, 'Turbo', 248, 169, 280, 258, 15, 205, 205, 'Coupè', 's13.png', 41.30, 59.30, 44.70, 61.60, 61.20, 41.80, 46.00, 41.50, 23494.00),
(115, '200SX S14', 31, 1994, 200, 265, 2000, 1240, 'FR', 235, 7.50, 'Turbo', 252, 173, 280, 258, 16, 205, 205, 'Coupè', 's14.png', 43.10, 57.70, 42.20, 58.90, 58.30, 38.90, 43.40, 43.10, 25095.00),
(116, '300ZX', 31, 1990, 283, 375, 3000, 1620, 'FR', 250, 5.90, 'Turbo', 257, 180, 300, 260, 16, 225, 245, 'Coupè', '300zx.png', 48.20, 70.00, 50.60, 66.90, 38.60, 55.40, 34.60, 36.40, 47649.00),
(117, 'Almera GTI', 31, 1996, 143, 178, 2000, 1130, 'FF', 210, 8.20, 'NA', 254, 169, 257, 258, 15, 195, 195, 'Compact', 'almera.png', 34.40, 52.40, 30.50, 49.70, 65.10, 35.40, 45.60, 42.10, 17681.00),
(118, 'Micra Super S', 31, 1996, 75, 103, 1300, 800, 'FF', 170, 12.00, 'NA', 236, 158, 238, 100, 13, 175, 175, 'City Car', 'micra.png', 20.60, 23.10, 15.40, 24.40, 80.20, 29.90, 42.30, 65.30, 12525.00),
(119, 'Primera GT', 31, 1997, 150, 181, 2000, 1225, 'FF', 218, 8.80, 'NA', 260, 172, 280, 258, 15, 195, 195, 'Sedan', 'primera.png', 37.20, 47.70, 29.70, 46.30, 61.30, 33.10, 43.90, 41.40, 16868.00),
(120, 'Skyline GTR R32', 31, 1989, 280, 353, 2600, 1430, 'AW', 248, 6.20, 'Turbo', 262, 176, 296, 297, 16, 225, 225, 'Sedan', 'r32.png', 47.50, 67.70, 51.70, 68.10, 50.60, 48.20, 41.50, 45.30, 65293.00),
(121, 'Skyline GTR R33', 31, 1995, 305, 375, 2600, 1580, 'AW', 260, 5.30, 'Turbo', 272, 178, 325, 300, 17, 245, 245, 'Sedan', 'r33.png', 51.70, 74.70, 52.70, 71.30, 45.60, 56.60, 39.60, 46.40, 77905.00),
(122, 'Sunny GTi-R', 31, 1991, 220, 267, 2000, 1220, 'AW', 223, 6.40, 'Turbo', 243, 169, 305, 278, 14, 195, 195, 'Hot Hatch', 'sunny.png', 38.90, 66.20, 44.90, 65.70, 56.90, 35.40, 47.80, 51.90, 25555.00),
(123, 'Astra Coupè Turbo', 32, 2000, 190, 250, 2000, 1245, 'FF', 245, 7.50, 'Turbo', 261, 171, 308, 264, 17, 215, 215, 'Coupè', 'astrac.png', 46.50, 57.70, 40.00, 57.50, 60.50, 46.20, 45.90, 33.00, 23500.00),
(124, 'Astra Gsi', 32, 1991, 150, 196, 2000, 1095, 'FF', 220, 8.00, 'NA', 252, 169, 256, 260, 15, 205, 205, 'Hot Hatch', 'astrag.png', 37.90, 53.90, 33.90, 52.80, 66.50, 41.80, 47.10, 40.20, 18660.00),
(125, 'Astra OPC', 32, 2001, 200, 250, 2000, 1250, 'FF', 240, 7.50, 'Turbo', 261, 171, 308, 264, 17, 215, 215, 'Hot Hatch', 'opc.png', 44.80, 57.70, 41.20, 58.70, 60.20, 46.20, 45.80, 33.00, 19316.00),
(126, 'Calibra Turbo', 32, 1992, 204, 280, 2000, 1380, 'AW', 245, 6.80, 'Turbo', 260, 169, 284, 270, 16, 205, 205, 'Coupè', 'calibra.png', 46.50, 63.10, 40.90, 59.40, 52.80, 41.80, 40.10, 52.00, 29067.00),
(127, 'Corsa Gsi mk1', 32, 1988, 101, 135, 1600, 820, 'FF', 188, 9.10, 'NA', 234, 153, 256, 100, 14, 175, 175, 'Compact', 'corsa1.png', 26.80, 45.40, 27.10, 45.40, 78.60, 34.20, 43.40, 49.80, 8913.00),
(128, 'Corsa Gsi mk2', 32, 1993, 109, 150, 1600, 940, 'FF', 195, 9.50, 'NA', 244, 161, 256, 100, 14, 185, 185, 'Compact', 'corsa2.png', 29.30, 42.40, 26.10, 41.90, 73.60, 34.90, 37.90, 47.40, 12772.00),
(129, 'Kadett Gsi', 32, 1989, 150, 196, 2000, 1000, 'FF', 217, 8.00, 'NA', 252, 166, 256, 100, 14, 185, 185, 'Hot Hatch', 'kadett.png', 36.80, 53.90, 36.30, 55.20, 71.90, 30.80, 35.60, 36.30, 13327.00),
(130, 'Manta Gsi', 32, 1988, 110, 162, 1900, 1016, 'FR', 192, 10.00, 'NA', 252, 169, 246, 231, 14, 195, 195, 'Coupè', 'manta.png', 28.20, 38.50, 24.40, 37.60, 71.00, 35.40, 46.90, 67.10, 14567.00),
(131, 'Omega Lotus', 32, 1990, 382, 568, 3600, 1663, 'FR', 283, 5.10, 'Turbo', 273, 193, 330, 300, 17, 235, 265, 'Sedan', 'omega.png', 59.60, 76.20, 67.40, 75.30, 41.60, 56.40, 37.90, 26.00, 60350.00),
(132, 'Speedster', 32, 2000, 147, 203, 2200, 945, 'MR', 217, 5.90, 'NA', 233, 171, 288, 288, 17, 175, 225, 'Coupè', 'speedster.png', 36.80, 70.00, 37.70, 64.20, 70.70, 51.60, 61.00, 68.20, 75000.00),
(133, 'Tigra 1.6', 32, 1994, 106, 148, 1600, 1075, 'FF', 203, 9.80, 'NA', 243, 160, 256, 100, 15, 185, 185, 'Coupè', 'tigra.png', 32.00, 40.00, 20.10, 34.90, 65.40, 35.70, 33.10, 48.00, 16062.00),
(134, 'Zonda', 33, 2000, 399, 570, 6000, 1250, 'MR', 350, 3.70, 'NA', 273, 206, 355, 335, 18, 255, 345, 'Supercar', 'zonda.png', 82.70, 87.00, 72.20, 85.30, 63.20, 76.20, 55.20, 37.20, 340862.00),
(135, '106 Gti 16v', 34, 1996, 120, 145, 1600, 925, 'FF', 205, 8.70, 'NA', 239, 161, 247, 247, 14, 185, 185, 'Compact', '106.png', 32.70, 48.50, 29.30, 48.50, 73.30, 34.90, 53.40, 49.00, 16140.00),
(136, '106 Rallye 1.3', 34, 1993, 101, 108, 1300, 816, 'FF', 190, 10.30, 'NA', 239, 161, 247, 247, 14, 175, 175, 'Compact', 'rallye.png', 27.50, 36.20, 25.70, 40.90, 79.80, 27.30, 60.50, 62.30, 9738.00),
(137, '205 Gti 1.9', 34, 1986, 130, 161, 1900, 860, 'FF', 206, 7.80, 'NA', 242, 157, 247, 247, 15, 185, 185, 'Hot Hatch', '205.png', 33.10, 55.40, 34.50, 56.20, 77.90, 38.10, 57.40, 44.10, 11711.00),
(138, '206 Gti', 34, 1998, 138, 190, 2000, 1025, 'FF', 210, 8.40, 'NA', 244, 165, 266, 247, 15, 185, 185, 'Hot Hatch', '206.png', 34.40, 50.80, 33.00, 50.70, 68.60, 31.60, 50.00, 37.40, 15468.00),
(139, '306 Gti', 34, 1996, 167, 193, 2000, 1215, 'FF', 218, 8.80, 'NA', 258, 169, 283, 247, 15, 195, 195, 'Hot Hatch', '306.png', 37.20, 47.70, 33.80, 49.80, 61.30, 35.40, 43.60, 38.80, 20540.00),
(140, '309 Gti', 34, 1990, 160, 177, 1900, 948, 'FF', 220, 7.80, 'NA', 247, 163, 247, 247, 15, 195, 195, 'Sedan', '309.png', 37.90, 55.40, 38.10, 58.80, 73.80, 40.10, 52.10, 42.30, 13749.00),
(141, '405 T16', 34, 1993, 200, 288, 2000, 1340, 'AW', 235, 7.20, 'Turbo', 267, 171, 283, 247, 16, 205, 205, 'Sedan', '405.png', 43.10, 60.00, 41.70, 58.10, 56.90, 40.30, 39.60, 50.60, 22905.00),
(142, '406 v6', 34, 1997, 194, 267, 3000, 1433, 'FF', 235, 7.90, 'NA', 270, 178, 305, 290, 16, 215, 215, 'Grand Touring', '406.png', 43.10, 54.70, 37.80, 52.80, 52.80, 41.30, 41.50, 30.90, 34887.00),
(143, '911 Carrera', 35, 1984, 231, 284, 3200, 1160, 'RR', 245, 5.90, 'NA', 227, 178, 235, 244, 15, 195, 215, 'Supercar', '911.png', 46.50, 70.00, 47.90, 69.60, 55.60, 41.30, 41.30, 40.70, 43455.00),
(144, '911 GT1', 35, 1998, 543, 600, 3200, 1250, 'MR', 310, 3.70, 'Turbo', 250, 195, 380, 380, 18, 295, 335, 'Supercar', 'gt1.png', 68.90, 87.00, 77.10, 88.50, 57.20, 78.50, 60.80, 34.30, 210000.00),
(145, '930 Turbo', 35, 1978, 300, 430, 3300, 1335, 'RR', 260, 5.20, 'Turbo', 227, 178, 304, 309, 16, 205, 225, 'Supercar', '930.png', 51.70, 75.40, 58.80, 74.50, 44.60, 46.90, 45.90, 28.10, 69732.00),
(146, '944 Turbo S', 35, 1988, 250, 350, 2500, 1350, 'FR', 260, 6.00, 'Turbo', 240, 174, 298, 298, 16, 245, 245, 'Supercar', '944.png', 51.70, 69.30, 50.40, 67.80, 48.30, 59.10, 44.10, 39.00, 49227.00),
(147, '959', 35, 1987, 450, 500, 2900, 1450, 'RR', 322, 3.60, 'Turbo', 227, 184, 332, 332, 17, 235, 255, 'Supercar', '959.png', 73.10, 87.70, 67.70, 85.40, 37.40, 57.40, 45.80, 27.40, 180900.00),
(148, '964 RS', 35, 1991, 260, 325, 3600, 1230, 'RR', 260, 5.40, 'NA', 227, 165, 322, 299, 16, 205, 225, 'Supercar', '964.png', 51.70, 73.90, 51.50, 72.70, 51.20, 55.60, 50.50, 37.20, 75533.00),
(149, '964 Turbo', 35, 1990, 360, 520, 3500, 1470, 'RR', 280, 4.80, 'Turbo', 227, 178, 322, 299, 17, 205, 255, 'Supercar', '964t.png', 58.60, 78.50, 65.50, 77.40, 36.10, 61.00, 42.20, 26.40, 100405.00),
(150, '968 Turbo S', 35, 1993, 305, 500, 3000, 1370, 'FR', 282, 4.90, 'Turbo', 240, 174, 318, 299, 18, 235, 265, 'Supercar', '968.png', 59.30, 77.70, 62.80, 75.50, 47.10, 67.20, 45.00, 29.50, 61456.00),
(151, '993 GT2', 35, 1995, 430, 540, 3600, 1215, 'RR', 295, 3.60, 'Turbo', 227, 186, 322, 322, 18, 235, 285, 'Supercar', 'gt2.png', 63.70, 87.70, 71.60, 86.90, 52.20, 67.80, 53.00, 28.40, 164646.00),
(152, '993 RS', 35, 1995, 301, 355, 3800, 1238, 'RR', 277, 5.00, 'NA', 227, 174, 322, 322, 18, 225, 265, 'Supercar', '993.png', 57.50, 77.00, 55.60, 76.60, 50.70, 67.20, 52.00, 40.10, 96996.00),
(153, '996 GT3', 35, 1999, 360, 370, 3600, 1350, 'RR', 302, 4.80, 'NA', 235, 177, 330, 330, 18, 225, 285, 'Supercar', '996.png', 66.20, 78.50, 57.90, 78.70, 46.60, 72.60, 48.90, 41.40, 96534.00),
(154, 'Boxster', 35, 1999, 252, 305, 3200, 1370, 'MR', 260, 5.90, 'NA', 242, 178, 318, 299, 17, 205, 255, 'Spider', 'boxster.png', 51.70, 70.00, 47.50, 68.00, 47.70, 61.00, 45.00, 51.40, 44789.00),
(155, '19 16v', 36, 1992, 137, 158, 1800, 1093, 'FF', 212, 8.50, 'NA', 254, 170, 259, 238, 15, 195, 195, 'Sedan', '19.png', 35.10, 50.00, 29.00, 48.20, 67.10, 34.60, 45.50, 47.40, 18025.00),
(156, '5 Gt', 36, 1987, 120, 165, 1400, 830, 'FF', 204, 8.00, 'Turbo', 241, 158, 238, 238, 13, 195, 195, 'Hot Hatch', '5.png', 32.40, 53.90, 33.50, 54.20, 79.40, 44.00, 57.30, 45.40, 10540.00),
(157, '5 Maxi Turbo', 36, 1983, 160, 220, 1400, 970, 'MR', 200, 8.00, 'Turbo', 243, 175, 260, 260, 15, 190, 220, 'Compact', '5maxi.png', 31.00, 53.90, 40.10, 57.50, 71.60, 46.20, 53.60, 61.50, 50780.00),
(158, 'Alpine A610', 36, 1991, 250, 350, 3000, 1420, 'MR', 265, 5.70, 'Turbo', 234, 176, 300, 300, 16, 205, 245, 'Coupè', 'alpine.png', 53.40, 71.60, 49.30, 67.80, 41.90, 57.90, 42.30, 43.00, 70580.00),
(159, 'Clio Rs', 36, 1999, 169, 200, 2000, 1035, 'FF', 220, 7.30, 'NA', 247, 167, 280, 228, 15, 195, 195, 'Hot Hatch', 'clio.png', 37.90, 59.30, 38.60, 60.00, 68.80, 37.00, 49.10, 37.50, 19006.00),
(160, 'Clio v6', 36, 2001, 230, 300, 3000, 1335, 'MR', 235, 6.40, 'NA', 251, 181, 330, 300, 17, 205, 235, 'Hot Hatch', 'v6.png', 43.10, 66.20, 45.80, 64.70, 52.60, 50.00, 47.20, 48.20, 36800.00),
(161, 'Clio Williams', 36, 1993, 150, 175, 2000, 982, 'FF', 215, 7.80, 'NA', 247, 164, 259, 238, 15, 185, 185, 'Hot Hatch', 'williams.png', 36.20, 55.40, 35.50, 56.40, 71.80, 32.40, 50.60, 40.60, 18180.00),
(162, 'Laguna', 36, 1997, 194, 267, 3000, 1395, 'FF', 235, 7.70, 'NA', 267, 175, 280, 265, 15, 205, 205, 'Sedan', 'laguna.png', 43.10, 56.20, 38.50, 54.30, 54.00, 37.40, 39.10, 29.50, 26004.00),
(163, 'Megane Coupè', 36, 1996, 150, 185, 2000, 1095, 'FF', 215, 8.60, 'NA', 247, 170, 262, 238, 16, 195, 195, 'Hot Hatch', 'megane.png', 36.20, 49.30, 33.20, 50.50, 65.30, 34.60, 45.70, 40.50, 23654.00),
(164, '114 Gti', 37, 1991, 103, 127, 1400, 865, 'FF', 190, 9.50, 'NA', 227, 156, 240, 100, 13, 185, 185, 'City Car', '114.png', 27.50, 42.40, 25.50, 42.80, 74.20, 39.00, 39.30, 56.00, 9792.00),
(165, '220 Turbo', 37, 1993, 200, 237, 2000, 1185, 'FF', 234, 6.60, 'Turbo', 255, 168, 262, 239, 15, 195, 195, 'Coupè', '220.png', 42.70, 64.70, 41.60, 63.50, 62.20, 36.20, 42.30, 31.60, 22750.00),
(166, '9-3 Viggen', 38, 1999, 225, 350, 2300, 1415, 'FF', 250, 6.80, 'Turbo', 260, 171, 288, 286, 17, 215, 215, 'Sedan', '93.png', 48.20, 63.10, 47.00, 61.30, 50.90, 46.20, 40.60, 23.60, 41240.00),
(167, '900 Turbo', 38, 1994, 185, 263, 2000, 1395, 'FF', 230, 8.30, 'Turbo', 260, 171, 284, 280, 15, 185, 185, 'Sedan', '900.png', 41.30, 51.60, 36.90, 50.70, 52.00, 26.70, 40.40, 27.00, 26294.00),
(168, 'Cordoba Gt', 39, 2000, 156, 210, 1800, 1111, 'FF', 218, 7.90, 'Turbo', 244, 164, 280, 226, 16, 195, 195, 'Sedan', 'cordoba.png', 37.20, 54.70, 35.40, 53.90, 63.60, 39.30, 45.50, 35.70, 20712.00),
(169, 'Ibiza Cupra R', 39, 2001, 180, 235, 1800, 1094, 'FF', 225, 7.20, 'Turbo', 244, 164, 280, 232, 16, 195, 195, 'Hot Hatch', 'ibiza.png', 39.60, 60.00, 40.90, 60.50, 64.60, 39.30, 46.80, 31.90, 19032.00),
(170, 'Leon Cupra', 39, 2000, 210, 276, 1800, 1222, 'FF', 235, 7.40, 'Turbo', 251, 174, 320, 256, 17, 225, 225, 'Hot Hatch', 'leon.png', 43.10, 58.50, 44.40, 60.80, 59.10, 49.50, 47.10, 31.30, 29900.00),
(171, 'Octavia Rs', 40, 2001, 180, 235, 1800, 1300, 'FF', 235, 7.90, 'Turbo', 251, 173, 312, 266, 16, 205, 205, 'Sedan', 'octavia.png', 43.10, 54.70, 36.50, 53.50, 54.60, 38.90, 44.50, 33.50, 24330.00),
(172, 'Impreza 22b', 41, 1999, 280, 363, 2200, 1250, 'AW', 248, 4.50, 'Turbo', 252, 177, 320, 266, 17, 235, 235, 'Sedan', '22b.png', 47.50, 80.80, 54.70, 77.10, 57.80, 52.60, 46.90, 46.00, 75530.00),
(173, 'Impreza Gt', 41, 1998, 218, 290, 2000, 1230, 'AW', 231, 6.30, 'Turbo', 252, 169, 292, 266, 15, 205, 205, 'Sedan', 'impreza.png', 41.70, 67.00, 45.80, 65.70, 58.90, 41.80, 45.40, 50.20, 28059.00),
(174, 'Legacy Turbo', 41, 1991, 200, 260, 2000, 1365, 'AW', 230, 6.70, 'Turbo', 258, 169, 276, 266, 15, 205, 205, 'Sedan', 'legacy.png', 41.30, 63.90, 39.50, 59.60, 53.00, 41.80, 39.70, 56.10, 25937.00),
(175, 'Svx', 41, 1992, 230, 309, 3300, 1610, 'AW', 235, 8.60, 'NA', 261, 177, 301, 301, 16, 225, 225, 'Coupè', 'svx.png', 43.10, 49.30, 41.80, 51.60, 40.50, 47.50, 37.40, 51.80, 42169.00),
(176, 'Swift GTI', 42, 1991, 101, 113, 1300, 810, 'FF', 182, 8.60, 'NA', 226, 158, 250, 240, 14, 175, 175, 'Compact', 'swift.png', 24.80, 49.30, 26.20, 47.70, 77.40, 29.90, 60.50, 59.50, 12222.00),
(177, 'Celica Carlos Sainz', 43, 1990, 208, 275, 2000, 1468, 'AW', 230, 6.90, 'Turbo', 253, 175, 277, 288, 15, 215, 215, 'Coupè', 'sainz.png', 41.30, 62.40, 39.50, 58.00, 45.70, 43.40, 38.50, 55.60, 30072.00),
(178, 'Celica Gt Four', 43, 1994, 242, 302, 2000, 1420, 'AW', 240, 6.10, 'Turbo', 254, 175, 315, 315, 16, 215, 215, 'Coupè', 'gtfour.png', 44.80, 68.50, 45.70, 65.60, 48.80, 43.40, 44.40, 50.60, 37831.00),
(179, 'Celica Ts', 43, 2000, 192, 180, 1800, 1115, 'FF', 225, 7.40, 'NA', 260, 174, 275, 269, 16, 205, 205, 'Coupè', 'celica.png', 39.60, 58.50, 38.70, 60.80, 67.40, 38.10, 48.80, 43.80, 25200.00),
(180, 'Corolla GT-i', 43, 1987, 125, 145, 1600, 1033, 'FF', 195, 8.50, 'NA', 243, 166, 275, 269, 14, 185, 185, 'Hot Hatch', 'corolla.png', 29.30, 50.00, 27.20, 47.10, 67.90, 30.80, 52.70, 49.00, 11968.00),
(181, 'MR2 Turbo', 43, 1989, 204, 271, 2000, 1270, 'MR', 229, 7.00, 'Turbo', 240, 170, 259, 264, 14, 195, 205, 'Spider', 'mr2.png', 41.00, 61.60, 42.50, 60.80, 53.00, 41.10, 41.20, 46.50, 30921.00),
(182, 'MRs', 43, 2000, 140, 170, 1800, 965, 'MR', 210, 7.90, 'NA', 245, 170, 245, 245, 15, 185, 205, 'Spider', 'mrs.png', 34.40, 54.70, 33.90, 54.70, 72.40, 41.10, 50.80, 74.20, 24220.00),
(183, 'Supra mk3', 43, 1988, 235, 344, 3000, 1611, 'FR', 245, 6.30, 'Turbo', 260, 174, 291, 291, 16, 225, 225, 'Coupè', 'supra3.png', 46.50, 67.00, 44.40, 61.00, 40.10, 49.50, 36.10, 36.40, 38500.00),
(184, 'Supra mk4', 43, 1993, 330, 441, 3000, 1585, 'FR', 250, 5.10, 'Turbo', 255, 181, 323, 324, 17, 235, 255, 'Coupè', 'supra4.png', 48.20, 76.20, 58.10, 73.50, 39.80, 59.20, 40.80, 32.20, 63948.00),
(185, 'Trueno Gt-Apex', 43, 1983, 130, 149, 1600, 910, 'FR', 195, 8.90, 'NA', 240, 163, 234, 231, 13, 185, 185, 'Coupè', 'trueno.png', 29.30, 47.00, 32.20, 50.50, 74.50, 33.20, 51.10, 69.20, 26500.00),
(186, 'Yaris Ts', 43, 2001, 106, 145, 1500, 925, 'FF', 190, 9.00, 'NA', 237, 166, 255, 269, 15, 185, 185, 'City Car', 'yaris.png', 27.50, 46.20, 25.40, 43.40, 72.90, 30.80, 56.60, 49.00, 16100.00),
(187, 'Cerbera', 44, 1997, 426, 515, 4500, 1100, 'FR', 298, 4.10, 'NA', 257, 187, 322, 306, 18, 225, 255, 'Supercar', 'cerbera.png', 64.80, 83.90, 71.00, 85.90, 67.50, 55.60, 57.10, 27.60, 88501.00),
(188, 'Speed Twelve', 44, 2000, 811, 881, 7800, 1070, 'FR', 240, 2.90, 'NA', 264, 196, 378, 273, 18, 245, 335, 'Supercar', 'speed12.png', 44.80, 93.10, 97.70, 95.40, 70.70, 78.10, 60.80, 21.20, 450000.00),
(189, '850 Turbo', 45, 1996, 250, 300, 2300, 1410, 'FF', 250, 6.70, 'Turbo', 266, 176, 280, 295, 17, 205, 205, 'Sedan', '850t.png', 48.20, 63.90, 46.50, 64.20, 52.90, 36.60, 40.80, 26.20, 38012.00),
(190, 'S40 T4', 45, 1997, 200, 300, 1900, 1285, 'FF', 235, 7.30, 'Turbo', 255, 172, 281, 260, 16, 205, 205, 'Sedan', 's40.png', 43.10, 59.30, 43.40, 58.80, 56.60, 39.60, 42.10, 26.20, 26525.00),
(191, 'S60 T5', 45, 2000, 250, 330, 2300, 1473, 'FF', 250, 6.80, 'Turbo', 272, 180, 305, 288, 16, 205, 205, 'Sedan', 's60.png', 48.20, 63.10, 47.30, 62.80, 51.30, 33.70, 40.30, 23.80, 52300.00),
(192, 'Corrado vr6', 46, 1991, 190, 245, 2900, 1161, 'FF', 235, 6.90, 'NA', 247, 169, 280, 226, 15, 205, 205, 'Coupè', 'corrado.png', 43.10, 62.40, 41.40, 61.60, 61.50, 41.80, 43.60, 32.10, 26348.00),
(193, 'Golf G60 mk2', 46, 1990, 160, 225, 1800, 1032, 'FF', 216, 8.30, 'Volumetrico', 248, 170, 280, 226, 15, 185, 185, 'Hot Hatch', 'g60.png', 36.50, 51.60, 38.90, 54.90, 69.20, 27.50, 49.00, 31.60, 17004.00),
(194, 'Golf GTI mk1', 46, 1982, 112, 153, 1800, 840, 'FF', 182, 9.10, 'NA', 240, 163, 239, 100, 13, 175, 175, 'Hot Hatch', 'gti1.png', 24.80, 45.40, 30.50, 47.70, 78.60, 25.60, 40.40, 43.90, 16900.00),
(195, 'Golf GTI mk4', 46, 2000, 210, 300, 1800, 1254, 'FF', 228, 7.40, 'Turbo', 251, 174, 312, 232, 16, 205, 205, 'Hot Hatch', 'gti4.png', 40.60, 58.50, 45.20, 60.20, 57.20, 38.10, 43.40, 26.20, 23089.00),
(196, 'Golf VR6 mk3', 46, 1995, 190, 245, 2900, 1299, 'AW', 224, 7.50, 'NA', 248, 170, 285, 226, 15, 205, 205, 'Hot Hatch', 'vr6.png', 39.30, 57.70, 38.60, 56.50, 53.80, 41.10, 39.30, 59.50, 33103.00),
(197, 'Lupo GTI', 46, 2000, 125, 152, 1600, 980, 'FF', 206, 8.30, 'NA', 232, 164, 256, 232, 15, 205, 205, 'City Car', 'lupo.png', 33.10, 51.60, 29.20, 49.50, 68.30, 45.50, 4.98, 51.80, 17395.00),
(198, 'New Beetle RS', 46, 2001, 224, 320, 3200, 1530, 'AW', 225, 6.70, 'NA', 251, 181, 334, 256, 18, 235, 235, 'Hot Hatch', 'beetle.png', 39.60, 63.90, 43.10, 59.60, 41.50, 50.00, 38.60, 52.20, 26240.00),
(199, 'Polo GTI', 46, 1999, 125, 152, 1600, 984, 'FF', 205, 8.70, 'NA', 241, 163, 256, 226, 15, 195, 195, 'Compact', 'polo.png', 32.70, 48.50, 29.10, 47.90, 70.30, 40.10, 49.00, 49.30, 17535.00),
(200, 'Scirocco 16v', 46, 1983, 139, 160, 1800, 950, 'FF', 210, 8.80, 'NA', 240, 163, 256, 226, 14, 185, 185, 'Coupè', 'scirocco.png', 34.40, 47.70, 33.60, 51.50, 72.10, 33.20, 50.70, 44.40, 22900.00);

-- --------------------------------------------------------

--
-- Struttura della tabella `classes`
--

CREATE TABLE `classes` (
  `id` int(11) NOT NULL,
  `name` varchar(32) COLLATE utf8mb4_unicode_ci NOT NULL,
  `braveStart` int(11) NOT NULL,
  `cleanStart` int(11) NOT NULL,
  `reflexStart` int(11) NOT NULL,
  `acroStart` int(11) NOT NULL,
  `turnStart` int(11) NOT NULL,
  `brakeStart` int(11) NOT NULL,
  `throttleStart` int(11) NOT NULL,
  `shiftStart` int(11) NOT NULL
) ENGINE=InnoDB DEFAULT CHARSET=utf8mb4 COLLATE=utf8mb4_unicode_ci;

-- --------------------------------------------------------

--
-- Struttura della tabella `garages`
--

CREATE TABLE `garages` (
  `id` int(11) NOT NULL,
  `user` int(11) NOT NULL COMMENT 'users external id',
  `car` int(11) NOT NULL COMMENT 'cars external id',
  `cv` int(11) NOT NULL,
  `nm` int(11) NOT NULL,
  `kg` int(11) NOT NULL,
  `speed` decimal(10,2) NOT NULL,
  `acceleration` decimal(10,2) NOT NULL,
  `revving` decimal(10,2) NOT NULL,
  `transmission` decimal(10,2) NOT NULL,
  `turnSlow` decimal(10,2) NOT NULL,
  `turnFast` decimal(10,2) NOT NULL,
  `brake` decimal(10,2) NOT NULL,
  `traction` decimal(10,2) NOT NULL,
  `km` int(11) NOT NULL DEFAULT 0,
  `sellPrice` decimal(10,2) NOT NULL DEFAULT 0.00
) ENGINE=InnoDB DEFAULT CHARSET=utf8mb4 COLLATE=utf8mb4_unicode_ci;

--
-- Dump dei dati per la tabella `garages`
--

INSERT INTO `garages` (`id`, `user`, `car`, `cv`, `nm`, `kg`, `speed`, `acceleration`, `revving`, `transmission`, `turnSlow`, `turnFast`, `brake`, `traction`, `km`, `sellPrice`) VALUES
(22, 1, 54, 110, 160, 735, 26.66, 21.22, 5.09, 13.49, 86.37, 29.04, 47.84, 78.69, 414, 0.00),
(24, 2, 19, 321, 350, 1535, 48.20, 73.10, 52.80, 72.10, 47.70, 61.00, 40.80, 39.00, 10, 0.00),
(25, 1, 97, 346, 412, 1131, 61.76, 90.13, 56.61, 80.80, 64.12, 57.32, 54.51, 49.34, 3508, 0.00),
(26, -1, 139, 239, 259, 1061, 52.97, 60.37, 38.03, 63.03, 77.58, 56.71, 55.18, 62.16, 55, 10475.40),
(27, -1, 136, 103, 109, 792, 28.42, 39.95, 26.56, 42.26, 82.46, 29.15, 62.51, 66.51, 5, 4966.38),
(28, -1, 81, 397, 565, 1048, 68.31, 129.03, 56.58, 105.23, 90.68, 66.96, 65.51, 75.30, 15, 10905.33),
(29, -1, 62, 125, 157, 1008, 32.00, 44.70, 28.60, 45.20, 69.80, 37.00, 33.70, 47.70, 113, 7820.34),
(30, -1, 32, 105, 132, 850, 26.80, 45.40, 27.00, 45.50, 78.40, 35.70, 40.80, 53.90, 0, 6232.20),
(31, -1, 14, 86, 125, 790, 24.10, 42.40, 22.40, 39.80, 76.40, 19.10, 43.00, 47.60, 0, 5597.25),
(32, -1, 35, 101, 130, 808, 25.80, 52.40, 27.30, 49.30, 79.30, 26.50, 58.20, 51.70, 0, 6442.83),
(33, 11, 159, 169, 200, 1035, 37.90, 59.30, 38.60, 60.00, 68.80, 37.00, 49.10, 37.50, 65115, 0.00),
(34, 1, 62, 125, 157, 1008, 32.00, 44.70, 28.60, 45.20, 69.80, 37.00, 33.70, 47.70, 39, 7667.00),
(35, 2, 114, 270, 378, 1078, 49.71, 73.40, 54.13, 72.56, 75.85, 50.38, 55.44, 51.44, 20, 11747.00);

-- --------------------------------------------------------

--
-- Struttura della tabella `levels`
--

CREATE TABLE `levels` (
  `id` int(11) NOT NULL,
  `expCap` int(11) NOT NULL
) ENGINE=InnoDB DEFAULT CHARSET=utf8mb4 COLLATE=utf8mb4_unicode_ci;

-- --------------------------------------------------------

--
-- Struttura della tabella `mods`
--

CREATE TABLE `mods` (
  `id` int(11) NOT NULL,
  `car` int(11) NOT NULL COMMENT 'garages external id',
  `part` int(11) NOT NULL COMMENT 'parts external id',
  `speedValue` decimal(10,2) NOT NULL,
  `accelValue` decimal(10,2) NOT NULL,
  `revvValue` decimal(10,2) NOT NULL,
  `transValue` decimal(10,2) NOT NULL,
  `turnSlowValue` decimal(10,2) NOT NULL,
  `turnFastValue` decimal(10,2) NOT NULL,
  `brakeValue` decimal(10,2) NOT NULL,
  `tractValue` decimal(10,2) NOT NULL,
  `cvValue` decimal(10,2) NOT NULL,
  `nmValue` decimal(10,2) NOT NULL,
  `kgValue` decimal(10,2) NOT NULL
) ENGINE=InnoDB DEFAULT CHARSET=utf8mb4 COLLATE=utf8mb4_unicode_ci;

--
-- Dump dei dati per la tabella `mods`
--

INSERT INTO `mods` (`id`, `car`, `part`, `speedValue`, `accelValue`, `revvValue`, `transValue`, `turnSlowValue`, `turnFastValue`, `brakeValue`, `tractValue`, `cvValue`, `nmValue`, `kgValue`) VALUES
(24, 22, 25, 0.00, 0.00, 0.00, 0.00, 2.69, 0.00, 0.00, 2.45, 0.00, 0.00, 0.00),
(25, 22, 28, 0.00, 0.00, 0.00, 0.00, 2.78, 0.00, 1.54, 0.00, 0.00, 0.00, 0.00),
(26, 22, 34, 0.00, 0.00, 0.00, 0.00, 0.00, 0.94, 0.00, 2.54, 0.00, 0.00, 0.00),
(27, 22, 3, 1.85, 1.55, 0.00, 0.00, 0.00, 0.00, 0.00, 0.00, 2.90, 1.84, 0.00),
(28, 22, 6, 0.00, 1.70, 0.52, 0.00, 0.00, 0.00, 0.00, 0.00, 4.88, 2.82, 0.00),
(29, 22, 9, 2.08, 0.00, 0.00, 1.11, 0.00, 0.00, 0.00, 0.00, 11.88, 17.46, 0.00),
(30, 22, 15, 2.34, 0.00, 0.00, 1.25, 0.00, 0.00, 0.00, 0.00, 5.46, 9.12, 0.00),
(31, 22, 18, 2.63, 1.91, 0.00, 0.00, 0.00, 0.00, 0.00, 0.00, 12.00, 11.70, 0.00),
(32, 22, 21, 0.00, 2.10, 0.00, 1.33, 0.00, 0.00, 0.00, 0.00, 0.00, 0.00, 0.00),
(33, 22, 24, 0.00, 0.00, 0.57, 1.50, 0.00, 0.00, 0.00, 0.00, 0.00, 0.00, 0.00),
(34, 22, 12, 2.96, 2.36, 0.00, 0.00, 0.00, 0.00, 0.00, 0.00, 18.40, 30.96, 0.00),
(47, 26, 3, 4.65, 5.96, 0.00, 0.00, 0.00, 0.00, 0.00, 0.00, 8.35, 3.86, 0.00),
(48, 26, 27, 0.00, 0.00, 0.00, 0.00, 7.66, 0.00, 0.00, 4.85, 0.00, 0.00, 0.00),
(49, 26, 33, 0.00, 0.00, 0.00, 0.00, 8.62, 0.00, 0.00, 5.46, 0.00, 0.00, 0.00),
(50, 26, 36, 0.00, 0.00, 0.00, 0.00, 0.00, 4.43, 0.00, 6.14, 0.00, 0.00, 0.00),
(51, 26, 39, 0.00, 0.00, 0.00, 0.00, 0.00, 4.98, 5.45, 0.00, 0.00, 0.00, 0.00),
(52, 26, 42, 0.00, 0.00, 0.00, 0.00, 0.00, 5.60, 0.00, 6.91, 0.00, 0.00, 36.45),
(53, 26, 48, 0.00, 0.00, 0.00, 0.00, 0.00, 6.30, 6.13, 0.00, 0.00, 0.00, 117.90),
(54, 26, 6, 0.00, 6.71, 4.23, 0.00, 0.00, 0.00, 0.00, 0.00, 14.00, 5.91, 0.00),
(55, 26, 9, 5.23, 0.00, 0.00, 6.23, 0.00, 0.00, 0.00, 0.00, 34.02, 36.54, 0.00),
(56, 26, 15, 5.89, 0.00, 0.00, 7.00, 0.00, 0.00, 0.00, 0.00, 15.61, 19.20, 0.00),
(57, 27, 1, 0.92, 1.21, 0.00, 0.00, 0.00, 0.00, 0.00, 0.00, 1.01, 0.54, 0.00),
(58, 27, 4, 0.00, 1.25, 0.86, 0.00, 0.00, 0.00, 0.00, 0.00, 0.51, 0.27, 0.00),
(59, 27, 19, 0.00, 1.29, 0.00, 1.36, 0.00, 0.00, 0.00, 0.00, 0.00, 0.00, 0.00),
(60, 27, 25, 0.00, 0.00, 0.00, 0.00, 2.66, 0.00, 0.00, 2.07, 0.00, 0.00, 0.00),
(61, 27, 34, 0.00, 0.00, 0.00, 0.00, 0.00, 0.91, 0.00, 2.14, 0.00, 0.00, 0.00),
(62, 27, 46, 0.00, 0.00, 0.00, 0.00, 0.00, 0.94, 2.01, 0.00, 0.00, 0.00, 24.48),
(63, 28, 3, 4.74, 8.95, 0.00, 0.00, 0.00, 0.00, 0.00, 0.00, 10.00, 6.20, 0.00),
(64, 28, 6, 0.00, 10.07, 5.59, 0.00, 0.00, 0.00, 0.00, 0.00, 16.80, 9.48, 0.00),
(65, 28, 9, 5.33, 0.00, 0.00, 8.21, 0.00, 0.00, 0.00, 0.00, 40.86, 58.50, 0.00),
(66, 28, 12, 6.00, 11.33, 0.00, 0.00, 0.00, 0.00, 0.00, 0.00, 53.60, 92.16, 0.00),
(67, 28, 15, 6.75, 0.00, 0.00, 9.24, 0.00, 0.00, 0.00, 0.00, 22.54, 38.08, 0.00),
(68, 28, 18, 7.59, 12.74, 0.00, 0.00, 0.00, 0.00, 0.00, 0.00, 51.75, 51.40, 0.00),
(69, 28, 21, 0.00, 14.34, 0.00, 10.39, 0.00, 0.00, 0.00, 0.00, 0.00, 0.00, 0.00),
(70, 28, 24, 0.00, 0.00, 6.29, 11.69, 0.00, 0.00, 0.00, 0.00, 0.00, 0.00, 0.00),
(71, 28, 27, 0.00, 0.00, 0.00, 0.00, 7.08, 0.00, 0.00, 5.88, 0.00, 0.00, 0.00),
(72, 28, 30, 0.00, 0.00, 0.00, 0.00, 7.96, 0.00, 5.11, 0.00, 0.00, 0.00, 0.00),
(73, 28, 33, 0.00, 0.00, 0.00, 0.00, 8.96, 0.00, 0.00, 6.61, 0.00, 0.00, 0.00),
(74, 28, 36, 0.00, 0.00, 0.00, 0.00, 0.00, 5.23, 0.00, 7.44, 0.00, 0.00, 0.00),
(75, 28, 39, 0.00, 0.00, 0.00, 0.00, 0.00, 5.88, 5.75, 0.00, 0.00, 0.00, 0.00),
(76, 28, 42, 0.00, 0.00, 0.00, 0.00, 0.00, 6.61, 0.00, 8.37, 0.00, 0.00, 37.50),
(77, 28, 45, 0.00, 0.00, 0.00, 0.00, 10.08, 0.00, 6.47, 0.00, 0.00, 0.00, 48.52),
(78, 28, 48, 0.00, 0.00, 0.00, 0.00, 0.00, 7.44, 7.28, 0.00, 0.00, 0.00, 116.40),
(79, 25, 3, 6.25, 9.43, 0.00, 0.00, 0.00, 0.00, 0.00, 0.00, 12.75, 5.92, 0.00),
(80, 25, 5, 0.00, 5.30, 3.12, 0.00, 0.00, 0.00, 0.00, 0.00, 5.36, 3.02, 0.00),
(81, 25, 8, 3.52, 0.00, 0.00, 4.60, 0.00, 0.00, 0.00, 0.00, 40.95, 45.75, 0.00),
(82, 25, 10, 0.00, 0.00, 1.77, 2.60, 0.00, 0.00, 0.00, 0.00, 25.12, 52.65, 0.00),
(83, 25, 13, 1.99, 0.00, 1.82, 0.00, 0.00, 0.00, 0.00, 0.00, 6.78, 8.08, 0.00),
(84, 25, 26, 0.00, 0.00, 0.00, 0.00, 3.65, 0.00, 0.00, 2.64, 0.00, 0.00, 0.00),
(85, 25, 28, 0.00, 0.00, 0.00, 0.00, 2.07, 0.00, 1.65, 0.00, 0.00, 0.00, 0.00),
(86, 25, 34, 0.00, 0.00, 0.00, 0.00, 0.00, 1.63, 0.00, 1.50, 0.00, 0.00, 0.00),
(87, 25, 37, 0.00, 0.00, 0.00, 0.00, 0.00, 1.68, 1.70, 0.00, 0.00, 0.00, 0.00),
(88, 25, 41, 0.00, 0.00, 0.00, 0.00, 0.00, 3.26, 0.00, 2.90, 0.00, 0.00, 23.80),
(89, 25, 46, 0.00, 0.00, 0.00, 0.00, 0.00, 1.85, 1.76, 0.00, 0.00, 0.00, 34.98),
(90, 35, 5, 0.00, 3.71, 2.79, 0.00, 0.00, 0.00, 0.00, 0.00, 4.10, 2.75, 0.00),
(91, 35, 22, 0.00, 0.00, 1.58, 2.05, 0.00, 0.00, 0.00, 0.00, 0.00, 0.00, 0.00),
(92, 35, 7, 1.38, 0.00, 0.00, 2.12, 0.00, 0.00, 0.00, 0.00, 12.54, 16.68, 0.00),
(93, 35, 16, 0.00, 0.00, 1.63, 2.19, 0.00, 0.00, 0.00, 0.00, 11.10, 20.65, 0.00),
(95, 35, 19, 0.00, 2.23, 0.00, 2.26, 0.00, 0.00, 0.00, 0.00, 0.00, 0.00, 0.00),
(96, 35, 43, 0.00, 0.00, 0.00, 0.00, 2.04, 0.00, 1.53, 0.00, 0.00, 0.00, 11.70),
(97, 35, 34, 0.00, 0.00, 0.00, 0.00, 0.00, 1.39, 0.00, 1.38, 0.00, 0.00, 0.00),
(98, 35, 29, 0.00, 0.00, 0.00, 0.00, 3.95, 0.00, 2.97, 0.00, 0.00, 0.00, 0.00),
(99, 35, 32, 0.00, 0.00, 0.00, 0.00, 4.20, 0.00, 0.00, 2.68, 0.00, 0.00, 0.00),
(100, 35, 26, 0.00, 0.00, 0.00, 0.00, 4.46, 0.00, 0.00, 2.85, 0.00, 0.00, 0.00),
(101, 35, 37, 0.00, 0.00, 0.00, 0.00, 0.00, 1.44, 1.68, 0.00, 0.00, 0.00, 0.00),
(102, 35, 47, 0.00, 0.00, 0.00, 0.00, 0.00, 2.79, 3.26, 0.00, 0.00, 0.00, 57.90),
(103, 35, 41, 0.00, 0.00, 0.00, 0.00, 0.00, 2.96, 0.00, 3.03, 0.00, 0.00, 22.00),
(104, 35, 10, 0.00, 0.00, 1.69, 2.34, 0.00, 0.00, 0.00, 0.00, 19.12, 47.85, 0.00),
(105, 35, 13, 1.51, 0.00, 1.74, 0.00, 0.00, 0.00, 0.00, 0.00, 5.16, 7.34, 0.00),
(106, 35, 3, 5.52, 8.16, 0.00, 0.00, 0.00, 0.00, 0.00, 0.00, 12.85, 7.42, 0.00);

-- --------------------------------------------------------

--
-- Struttura della tabella `parts`
--

CREATE TABLE `parts` (
  `id` int(11) NOT NULL,
  `name` varchar(32) COLLATE utf8mb4_unicode_ci NOT NULL,
  `description` varchar(64) COLLATE utf8mb4_unicode_ci NOT NULL,
  `category` varchar(24) COLLATE utf8mb4_unicode_ci NOT NULL,
  `level` int(11) NOT NULL,
  `price` decimal(10,2) NOT NULL,
  `speedBonus` decimal(10,2) NOT NULL,
  `accelBonus` decimal(10,2) NOT NULL,
  `revvBonus` decimal(10,2) NOT NULL,
  `transBonus` decimal(10,2) NOT NULL,
  `turnSlowBonus` decimal(10,2) NOT NULL,
  `turnFastBonus` decimal(10,2) NOT NULL,
  `brakeBonus` decimal(10,2) NOT NULL,
  `tractBonus` decimal(10,2) NOT NULL,
  `image` varchar(32) COLLATE utf8mb4_unicode_ci NOT NULL,
  `cvBonus` decimal(10,2) NOT NULL,
  `nmBonus` decimal(10,2) NOT NULL,
  `kgBonus` decimal(10,2) NOT NULL
) ENGINE=InnoDB DEFAULT CHARSET=utf8mb4 COLLATE=utf8mb4_unicode_ci;

--
-- Dump dei dati per la tabella `parts`
--

INSERT INTO `parts` (`id`, `name`, `description`, `category`, `level`, `price`, `speedBonus`, `accelBonus`, `revvBonus`, `transBonus`, `turnSlowBonus`, `turnFastBonus`, `brakeBonus`, `tractBonus`, `image`, `cvBonus`, `nmBonus`, `kgBonus`) VALUES
(1, 'Exhaust System', 'Basic sport exhaust', 'Engine', 1, 200.00, 3.33, 3.33, 0.00, 0.00, 0.00, 0.00, 0.00, 0.00, 'es1.png', 1.00, 0.50, 0.00),
(2, 'Exhaust System', 'Headers and de-cat', 'Engine', 2, 600.00, 6.25, 6.25, 0.00, 0.00, 0.00, 0.00, 0.00, 0.00, 'es2.png', 2.50, 1.00, 0.00),
(3, 'Exhaust System', 'Complete racing system', 'Engine', 3, 1200.00, 12.50, 12.50, 0.00, 0.00, 0.00, 0.00, 0.00, 0.00, 'es3.png', 5.00, 2.00, 0.00),
(4, 'Aspiration System', 'Basic sport filter', 'Engine', 1, 150.00, 0.00, 3.33, 3.33, 0.00, 0.00, 0.00, 0.00, 0.00, 'as1.png', 0.50, 0.25, 0.00),
(5, 'Aspiration System', 'Cold air intake system', 'Engine', 2, 450.00, 0.00, 6.25, 6.25, 0.00, 0.00, 0.00, 0.00, 0.00, 'as2.png', 2.00, 1.00, 0.00),
(6, 'Aspiration System', 'Individual throttle body', 'Engine', 3, 2000.00, 0.00, 12.50, 12.50, 0.00, 0.00, 0.00, 0.00, 0.00, 'as3.png', 8.00, 3.00, 0.00),
(7, 'ECU', 'Basic remap', 'Engine', 1, 500.00, 3.33, 0.00, 0.00, 3.33, 0.00, 0.00, 0.00, 0.00, 'ec1.png', 6.00, 6.00, 0.00),
(8, 'ECU', 'New tuning ECU', 'Engine', 2, 1800.00, 6.25, 0.00, 0.00, 6.25, 0.00, 0.00, 0.00, 0.00, 'ec2.png', 15.00, 15.00, 0.00),
(9, 'ECU', 'Racing eletric system', 'Engine', 3, 2600.00, 12.50, 0.00, 0.00, 12.50, 0.00, 0.00, 0.00, 0.00, 'ec3.png', 18.00, 18.00, 0.00),
(10, 'Turbo', 'Small turbo and intercooler', 'Engine', 1, 2600.00, 0.00, 0.00, 3.33, 3.33, 0.00, 0.00, 0.00, 0.00, 'tb1.png', 8.00, 15.00, 0.00),
(11, 'Turbo', 'Mid range turbo and intercooler', 'Engine', 2, 3500.00, 6.25, 0.00, 6.25, 0.00, 0.00, 0.00, 0.00, 0.00, 'tb2.png', 13.00, 18.00, 0.00),
(12, 'Turbo', 'High performance turbo and intercooler', 'Engine', 3, 5000.00, 12.50, 12.50, 0.00, 0.00, 0.00, 0.00, 0.00, 0.00, 'tb3.png', 20.00, 24.00, 0.00),
(13, 'Fuel System', 'Augmented fuel pressure', 'Engine', 1, 200.00, 3.33, 0.00, 3.33, 0.00, 0.00, 0.00, 0.00, 0.00, 'fs1.png', 2.00, 2.00, 0.00),
(14, 'Fuel System', 'Racing fuel pump and injector', 'Engine', 2, 600.00, 0.00, 6.25, 6.25, 0.00, 0.00, 0.00, 0.00, 0.00, 'fs2.png', 5.00, 5.00, 0.00),
(15, 'Fuel System', 'Complete racing fuel system', 'Engine', 3, 900.00, 12.50, 0.00, 0.00, 12.50, 0.00, 0.00, 0.00, 0.00, 'fs3.png', 7.00, 8.00, 0.00),
(16, 'Engine Internal', 'Sport cam and basic head tuning', 'Engine', 1, 1000.00, 0.00, 0.00, 3.33, 3.33, 0.00, 0.00, 0.00, 0.00, 'ei1.png', 5.00, 7.00, 0.00),
(17, 'Engine Internal', 'Complete internal tuning', 'Engine', 2, 3400.00, 6.25, 0.00, 6.25, 0.00, 0.00, 0.00, 0.00, 0.00, 'ei2.png', 10.00, 8.00, 0.00),
(18, 'Engine Internal', 'Billet block and racing component', 'Engine', 3, 4500.00, 12.50, 12.50, 0.00, 0.00, 0.00, 0.00, 0.00, 0.00, 'ei3.png', 15.00, 10.00, 0.00),
(19, 'Gearbox', 'Short shifter and lower final gear', 'Engine', 1, 250.00, 0.00, 3.33, 0.00, 3.33, 0.00, 0.00, 0.00, 0.00, 'gb1.png', 0.00, 0.00, 0.00),
(20, 'Gearbox', 'Dogbox system', 'Engine', 2, 1200.00, 0.00, 6.25, 0.00, 6.25, 0.00, 0.00, 0.00, 0.00, 'gb2.png', 0.00, 0.00, 0.00),
(21, 'Gearbox', 'Sequantial gearbox', 'Engine', 3, 2500.00, 0.00, 12.50, 0.00, 12.50, 0.00, 0.00, 0.00, 0.00, 'gb3.png', 0.00, 0.00, 0.00),
(22, 'Clutch and Flywheel', 'Sport clutch', 'Engine', 1, 300.00, 0.00, 0.00, 3.33, 3.33, 0.00, 0.00, 0.00, 0.00, 'cf1.png', 0.00, 0.00, 0.00),
(23, 'Clutch and Flywheel', 'Reinforced clutch and lighter flywheel', 'Engine', 2, 450.00, 0.00, 0.00, 6.25, 6.25, 0.00, 0.00, 0.00, 0.00, 'cf2.png', 0.00, 0.00, 0.00),
(24, 'Clutch and Flywheel', 'Racing clutch and lighter flywheel', 'Engine', 3, 600.00, 0.00, 0.00, 12.50, 12.50, 0.00, 0.00, 0.00, 0.00, 'cf3.png', 0.00, 0.00, 0.00),
(25, 'Suspension', 'Sport suspension and lower springs', 'Dynamic', 1, 500.00, 0.00, 0.00, 0.00, 0.00, 3.33, 0.00, 0.00, 3.33, 'su1.png', 0.00, 0.00, 0.00),
(26, 'Suspension', 'Coilover system', 'Dynamic', 2, 1000.00, 0.00, 0.00, 0.00, 0.00, 6.25, 0.00, 0.00, 6.25, 'su2.png', 0.00, 0.00, 0.00),
(27, 'Suspension', 'Racing coilover', 'Dynamic', 3, 1800.00, 0.00, 0.00, 0.00, 0.00, 12.50, 0.00, 0.00, 12.50, 'su3.png', 0.00, 0.00, 0.00),
(28, 'Brake', 'Sport pads. line and discks', 'Dynamic', 1, 250.00, 0.00, 0.00, 0.00, 0.00, 3.33, 0.00, 3.33, 0.00, 'bk1.png', 0.00, 0.00, 0.00),
(29, 'Brake', 'Racing pads and disks', 'Dynamic', 2, 400.00, 0.00, 0.00, 0.00, 0.00, 6.25, 0.00, 6.25, 0.00, 'bk2.png', 0.00, 0.00, 0.00),
(30, 'Brake', 'Complete racing brake system', 'Dynamic', 3, 1500.00, 0.00, 0.00, 0.00, 0.00, 12.50, 0.00, 12.50, 0.00, 'bk3.png', 0.00, 0.00, 0.00),
(31, 'Differential', 'Torsen', 'Dynamic', 1, 800.00, 0.00, 0.00, 0.00, 0.00, 3.33, 0.00, 0.00, 3.33, 'df1.png', 0.00, 0.00, 0.00),
(32, 'Differential', 'Mechanical LSD', 'Dynamic', 2, 1200.00, 0.00, 0.00, 0.00, 0.00, 6.25, 0.00, 0.00, 6.25, 'df2.png', 0.00, 0.00, 0.00),
(33, 'Differential', 'Racing 2way LSD', 'Dynamic', 3, 1900.00, 0.00, 0.00, 0.00, 0.00, 12.50, 0.00, 0.00, 12.50, 'df3.png', 0.00, 0.00, 0.00),
(34, 'Bars', 'Strut Bars', 'Dynamic', 1, 200.00, 0.00, 0.00, 0.00, 0.00, 0.00, 3.33, 0.00, 3.33, 'br1.png', 0.00, 0.00, 0.00),
(35, 'Bars', 'Racing antiroll bar', 'Dynamic', 2, 550.00, 0.00, 0.00, 0.00, 0.00, 0.00, 6.25, 0.00, 6.25, 'br2.png', 0.00, 0.00, 0.00),
(36, 'Bars', 'Complete roll bar cage', 'Dynamic', 3, 1250.00, 0.00, 0.00, 0.00, 0.00, 0.00, 12.50, 0.00, 12.50, 'br3.png', 0.00, 0.00, 0.00),
(37, 'Tyres', 'Sport tyres', 'Dynamic', 1, 400.00, 0.00, 0.00, 0.00, 0.00, 0.00, 3.33, 3.33, 0.00, 'tr1.png', 0.00, 0.00, 0.00),
(38, 'Tyres', 'Semislick tyres', 'Dynamic', 2, 800.00, 0.00, 0.00, 0.00, 0.00, 0.00, 6.25, 6.25, 0.00, 'tr2.png', 0.00, 0.00, 0.00),
(39, 'Tyres', 'Slick tyres', 'Dynamic', 3, 1100.00, 0.00, 0.00, 0.00, 0.00, 0.00, 12.50, 12.50, 0.00, 'tr3.png', 0.00, 0.00, 0.00),
(40, 'Wheels', 'Sport wheels', 'Dynamic', 1, 500.00, 0.00, 0.00, 0.00, 0.00, 0.00, 3.33, 0.00, 3.33, 'wl1.png', 0.00, 0.00, 1.00),
(41, 'Wheels', 'Bigger sport wheels', 'Dynamic', 2, 950.00, 0.00, 0.00, 0.00, 0.00, 0.00, 6.25, 0.00, 6.25, 'wl2.png', 0.00, 0.00, 2.00),
(42, 'Wheels', 'Racing wheels', 'Dynamic', 3, 1250.00, 0.00, 0.00, 0.00, 0.00, 0.00, 12.50, 0.00, 12.50, 'wl3.png', 0.00, 0.00, 3.00),
(43, 'Aero', 'Basic oem aero', 'Dynamic', 1, 300.00, 0.00, 0.00, 0.00, 0.00, 3.33, 0.00, 3.33, 0.00, 'ar1.png', 0.00, 0.00, 1.00),
(44, 'Aero', 'Racing lip and wing', 'Dynamic', 2, 500.00, 0.00, 0.00, 0.00, 0.00, 6.25, 0.00, 6.25, 0.00, 'ar2.png', 0.00, 0.00, 2.50),
(45, 'Aero', 'Complete racing aero system', 'Dynamic', 3, 1800.00, 0.00, 0.00, 0.00, 0.00, 12.50, 0.00, 12.50, 0.00, 'ar3.png', 0.00, 0.00, 4.00),
(46, 'Weight', 'Basic wheight reduction', 'Dynamic', 1, 100.00, 0.00, 0.00, 0.00, 0.00, 0.00, 3.33, 3.33, 0.00, 'wh1.png', 0.00, 0.00, 3.00),
(47, 'Weight', 'Advanced wheigt reduction', 'Dynamic', 2, 500.00, 0.00, 0.00, 0.00, 0.00, 0.00, 6.25, 6.25, 0.00, 'wh2.png', 0.00, 0.00, 5.00),
(48, 'Weight', 'Racing wheigth treatment ', 'Dynamic', 3, 1450.00, 0.00, 0.00, 0.00, 0.00, 0.00, 12.50, 12.50, 0.00, 'wh3.png', 0.00, 0.00, 10.00);

-- --------------------------------------------------------

--
-- Struttura della tabella `trackBuild`
--

CREATE TABLE `trackBuild` (
  `track` int(11) NOT NULL COMMENT 'tracks external id',
  `section` int(11) NOT NULL COMMENT 'sections external id',
  `level` int(11) NOT NULL,
  `ord` int(11) NOT NULL
) ENGINE=InnoDB DEFAULT CHARSET=utf8mb4 COLLATE=utf8mb4_unicode_ci;

--
-- Dump dei dati per la tabella `trackBuild`
--

INSERT INTO `trackBuild` (`track`, `section`, `level`, `ord`) VALUES
(1, 1, 1, 1),
(1, 3, 1, 2),
(1, 10, 1, 3),
(1, 12, 1, 4),
(1, 2, 1, 5),
(5, 1, 1, 1),
(5, 12, 1, 2),
(5, 1, 1, 3),
(5, 13, 1, 4),
(5, 1, 1, 5),
(5, 11, 1, 6),
(5, 12, 1, 7),
(5, 3, 1, 8),
(7, 2, 1, 1),
(7, 11, 1, 2),
(7, 5, 1, 3),
(7, 1, 1, 4),
(7, 11, 1, 5),
(7, 1, 1, 6),
(7, 3, 1, 7),
(7, 3, 1, 8),
(7, 1, 1, 9),
(7, 6, 1, 10),
(7, 2, 1, 11),
(7, 5, 1, 12),
(7, 6, 1, 13),
(7, 2, 1, 14),
(7, 5, 1, 15),
(7, 2, 1, 16);

-- --------------------------------------------------------

--
-- Struttura della tabella `trackMeteo`
--

CREATE TABLE `trackMeteo` (
  `id` int(11) NOT NULL,
  `name` varchar(24) COLLATE utf8mb4_unicode_ci NOT NULL,
  `stat` varchar(24) COLLATE utf8mb4_unicode_ci NOT NULL
) ENGINE=InnoDB DEFAULT CHARSET=utf8mb4 COLLATE=utf8mb4_unicode_ci;

--
-- Dump dei dati per la tabella `trackMeteo`
--

INSERT INTO `trackMeteo` (`id`, `name`, `stat`) VALUES
(1, 'sunny', ''),
(2, 'rainy', 'clean'),
(3, 'snowy', 'acro'),
(4, 'night', 'brave'),
(5, 'foggy', 'reflex');

-- --------------------------------------------------------

--
-- Struttura della tabella `tracks`
--

CREATE TABLE `tracks` (
  `id` int(11) NOT NULL,
  `name` varchar(64) COLLATE utf8mb4_unicode_ci NOT NULL,
  `type` int(11) NOT NULL COMMENT 'trackType external id',
  `lenght` int(11) NOT NULL,
  `elevation` int(11) NOT NULL,
  `surface` int(11) NOT NULL COMMENT 'trackSurfaces external id',
  `meteo` int(11) NOT NULL COMMENT 'meteo external id'
) ENGINE=InnoDB DEFAULT CHARSET=utf8mb4 COLLATE=utf8mb4_unicode_ci;

--
-- Dump dei dati per la tabella `tracks`
--

INSERT INTO `tracks` (`id`, `name`, `type`, `lenght`, `elevation`, `surface`, `meteo`) VALUES
(1, 'test track', 3, 5, 200, 1, 1),
(5, 'quarn', 3, 8, 800, 1, 1),
(7, 'Monza', 2, 16, 1, 1, 1);

-- --------------------------------------------------------

--
-- Struttura della tabella `trackSections`
--

CREATE TABLE `trackSections` (
  `id` int(11) NOT NULL,
  `name` varchar(32) COLLATE utf8mb4_unicode_ci NOT NULL,
  `image` varchar(32) COLLATE utf8mb4_unicode_ci NOT NULL,
  `carStat` varchar(32) COLLATE utf8mb4_unicode_ci NOT NULL,
  `carTech` varchar(32) COLLATE utf8mb4_unicode_ci NOT NULL,
  `driverStat` varchar(32) COLLATE utf8mb4_unicode_ci NOT NULL,
  `driverTech` varchar(32) COLLATE utf8mb4_unicode_ci NOT NULL
) ENGINE=InnoDB DEFAULT CHARSET=utf8mb4 COLLATE=utf8mb4_unicode_ci;

--
-- Dump dei dati per la tabella `trackSections`
--

INSERT INTO `trackSections` (`id`, `name`, `image`, `carStat`, `carTech`, `driverStat`, `driverTech`) VALUES
(1, 'Short Straight', 'shortst.png', 'acceleration', 'traction', 'reflex', 'shift'),
(2, 'Long Straight', 'longst.png', 'speed', 'traction', 'brave', 'shift'),
(3, 'Slow Right Turn', 'slowr.png', 'revving', 'turnSlow', 'clean', 'turn'),
(4, 'Slow Left Turn', 'slowl.png', 'revving', 'turnSlow', 'clean', 'turn'),
(5, 'Fast Right Turn', 'fastr.png', 'speed', 'turnFast', 'clean', 'turn'),
(6, 'Fast Left Turn', 'fastl.png', 'speed', 'turnFast', 'clean', 'turn'),
(7, 'Hump', 'hump.png', 'transmission', 'braking', 'reflex', 'brake'),
(8, 'Depression', 'depre.png', 'acceleration', 'braking', 'brave', 'brake'),
(9, 'Descent', 'decent.png', 'speed', 'braking', 'reflex', 'brake'),
(10, 'Climb', 'climb.png', 'revving', 'traction', 'brave', 'shift'),
(11, 'Chicane', 'chicane.png', 'transmission', 'traction', 'reflex', 'turn'),
(12, 'Hairpin Right', 'hairr.png', 'acceleration', 'turnSlow', 'acro', 'throttle'),
(13, 'Hairpin Left', 'hairl.png', 'acceleration', 'turnSlow', 'acro', 'throttle'),
(14, 'Right Inversion', 'inver.png', 'revving', 'braking', 'acro', 'throttle'),
(15, 'Left Inversion', 'invel.png', 'revving', 'braking', 'acro', 'throttle'),
(16, 'Obstacle', 'obstacle.png', 'transmission', 'turnFast', 'brave', 'turn');

-- --------------------------------------------------------

--
-- Struttura della tabella `trackSurfaces`
--

CREATE TABLE `trackSurfaces` (
  `id` int(11) NOT NULL,
  `name` varchar(24) COLLATE utf8mb4_unicode_ci NOT NULL
) ENGINE=InnoDB DEFAULT CHARSET=utf8mb4 COLLATE=utf8mb4_unicode_ci;

--
-- Dump dei dati per la tabella `trackSurfaces`
--

INSERT INTO `trackSurfaces` (`id`, `name`) VALUES
(1, 'tarmac'),
(2, 'ruined asphalt');

-- --------------------------------------------------------

--
-- Struttura della tabella `trackType`
--

CREATE TABLE `trackType` (
  `id` int(11) NOT NULL,
  `name` varchar(24) COLLATE utf8mb4_unicode_ci NOT NULL,
  `image` varchar(24) COLLATE utf8mb4_unicode_ci NOT NULL
) ENGINE=InnoDB DEFAULT CHARSET=utf8mb4 COLLATE=utf8mb4_unicode_ci;

--
-- Dump dei dati per la tabella `trackType`
--

INSERT INTO `trackType` (`id`, `name`, `image`) VALUES
(1, 'City', 'trCity.png'),
(2, 'Track', 'trTrack.png'),
(3, 'Touge', 'trTouge.png'),
(4, 'Drag Strip', 'trDrag.png'),
(5, 'Highway', 'trHigh.png');

-- --------------------------------------------------------

--
-- Struttura della tabella `users`
--

CREATE TABLE `users` (
  `id` int(11) NOT NULL,
  `username` varchar(64) COLLATE utf8mb4_unicode_ci NOT NULL,
  `password` varchar(64) COLLATE utf8mb4_unicode_ci NOT NULL,
  `mail` varchar(32) COLLATE utf8mb4_unicode_ci NOT NULL,
  `lastLogin` datetime DEFAULT NULL,
  `avatar` varchar(64) COLLATE utf8mb4_unicode_ci DEFAULT NULL,
  `level` int(11) NOT NULL DEFAULT 1 COMMENT 'levels external id',
  `exp` int(11) NOT NULL DEFAULT 0,
  `money` int(11) NOT NULL DEFAULT 0,
  `brave` int(11) NOT NULL,
  `clean` int(11) NOT NULL,
  `reflex` int(11) NOT NULL,
  `acro` int(11) NOT NULL,
  `turn` int(11) NOT NULL,
  `brake` int(11) NOT NULL,
  `throttle` int(11) NOT NULL,
  `shift` int(11) NOT NULL,
  `carDrive` int(11) NOT NULL COMMENT 'garages external id',
  `class` varchar(32) COLLATE utf8mb4_unicode_ci DEFAULT NULL COMMENT 'classes external id'
) ENGINE=InnoDB DEFAULT CHARSET=utf8mb4 COLLATE=utf8mb4_unicode_ci COMMENT='User Table';

--
-- Dump dei dati per la tabella `users`
--

INSERT INTO `users` (`id`, `username`, `password`, `mail`, `lastLogin`, `avatar`, `level`, `exp`, `money`, `brave`, `clean`, `reflex`, `acro`, `turn`, `brake`, `throttle`, `shift`, `carDrive`, `class`) VALUES
(1, 'klaro', 'jkl', 'klarodj@gmail.com', '2023-03-20 23:25:14', 'klaro.png', 1, 800, 105346, 25, 30, 15, 20, 32, 18, 23, 38, 25, NULL),
(2, 'pigi', 'pigi', '', '2023-03-19 15:23:10', 'pigi.png', 1, 25, 100, 25, 30, 15, 20, 32, 18, 23, 38, 35, 'opponent'),
(10, 'pippa', '123', '', '2023-03-14 14:24:45', 'female.png', 1, 0, 0, 0, 0, 0, 0, 0, 0, 0, 0, 0, NULL),
(11, 'zino', 'zino', '', '2023-03-14 21:26:53', NULL, 1, 0, 10000, 15, 45, 20, 5, 35, 20, 18, 30, 33, 'opponent');

--
-- Indici per le tabelle scaricate
--

--
-- Indici per le tabelle `brands`
--
ALTER TABLE `brands`
  ADD PRIMARY KEY (`id`);

--
-- Indici per le tabelle `cars`
--
ALTER TABLE `cars`
  ADD PRIMARY KEY (`id`),
  ADD KEY `brand` (`brand`);

--
-- Indici per le tabelle `classes`
--
ALTER TABLE `classes`
  ADD PRIMARY KEY (`id`);

--
-- Indici per le tabelle `garages`
--
ALTER TABLE `garages`
  ADD PRIMARY KEY (`id`);

--
-- Indici per le tabelle `levels`
--
ALTER TABLE `levels`
  ADD PRIMARY KEY (`id`);

--
-- Indici per le tabelle `mods`
--
ALTER TABLE `mods`
  ADD PRIMARY KEY (`id`);

--
-- Indici per le tabelle `parts`
--
ALTER TABLE `parts`
  ADD PRIMARY KEY (`id`);

--
-- Indici per le tabelle `trackBuild`
--
ALTER TABLE `trackBuild`
  ADD UNIQUE KEY `track_2` (`track`,`ord`),
  ADD KEY `track` (`track`,`ord`);

--
-- Indici per le tabelle `trackMeteo`
--
ALTER TABLE `trackMeteo`
  ADD PRIMARY KEY (`id`);

--
-- Indici per le tabelle `tracks`
--
ALTER TABLE `tracks`
  ADD PRIMARY KEY (`id`);

--
-- Indici per le tabelle `trackSections`
--
ALTER TABLE `trackSections`
  ADD PRIMARY KEY (`id`);

--
-- Indici per le tabelle `trackSurfaces`
--
ALTER TABLE `trackSurfaces`
  ADD PRIMARY KEY (`id`);

--
-- Indici per le tabelle `trackType`
--
ALTER TABLE `trackType`
  ADD PRIMARY KEY (`id`);

--
-- Indici per le tabelle `users`
--
ALTER TABLE `users`
  ADD PRIMARY KEY (`id`),
  ADD UNIQUE KEY `username` (`username`);

--
-- AUTO_INCREMENT per le tabelle scaricate
--

--
-- AUTO_INCREMENT per la tabella `brands`
--
ALTER TABLE `brands`
  MODIFY `id` int(11) NOT NULL AUTO_INCREMENT, AUTO_INCREMENT=47;

--
-- AUTO_INCREMENT per la tabella `cars`
--
ALTER TABLE `cars`
  MODIFY `id` int(11) NOT NULL AUTO_INCREMENT, AUTO_INCREMENT=201;

--
-- AUTO_INCREMENT per la tabella `classes`
--
ALTER TABLE `classes`
  MODIFY `id` int(11) NOT NULL AUTO_INCREMENT;

--
-- AUTO_INCREMENT per la tabella `garages`
--
ALTER TABLE `garages`
  MODIFY `id` int(11) NOT NULL AUTO_INCREMENT, AUTO_INCREMENT=36;

--
-- AUTO_INCREMENT per la tabella `levels`
--
ALTER TABLE `levels`
  MODIFY `id` int(11) NOT NULL AUTO_INCREMENT;

--
-- AUTO_INCREMENT per la tabella `mods`
--
ALTER TABLE `mods`
  MODIFY `id` int(11) NOT NULL AUTO_INCREMENT, AUTO_INCREMENT=107;

--
-- AUTO_INCREMENT per la tabella `parts`
--
ALTER TABLE `parts`
  MODIFY `id` int(11) NOT NULL AUTO_INCREMENT, AUTO_INCREMENT=50;

--
-- AUTO_INCREMENT per la tabella `trackMeteo`
--
ALTER TABLE `trackMeteo`
  MODIFY `id` int(11) NOT NULL AUTO_INCREMENT, AUTO_INCREMENT=6;

--
-- AUTO_INCREMENT per la tabella `tracks`
--
ALTER TABLE `tracks`
  MODIFY `id` int(11) NOT NULL AUTO_INCREMENT, AUTO_INCREMENT=8;

--
-- AUTO_INCREMENT per la tabella `trackSections`
--
ALTER TABLE `trackSections`
  MODIFY `id` int(11) NOT NULL AUTO_INCREMENT, AUTO_INCREMENT=17;

--
-- AUTO_INCREMENT per la tabella `trackSurfaces`
--
ALTER TABLE `trackSurfaces`
  MODIFY `id` int(11) NOT NULL AUTO_INCREMENT, AUTO_INCREMENT=3;

--
-- AUTO_INCREMENT per la tabella `trackType`
--
ALTER TABLE `trackType`
  MODIFY `id` int(11) NOT NULL AUTO_INCREMENT, AUTO_INCREMENT=6;

--
-- AUTO_INCREMENT per la tabella `users`
--
ALTER TABLE `users`
  MODIFY `id` int(11) NOT NULL AUTO_INCREMENT, AUTO_INCREMENT=12;

--
-- Limiti per le tabelle scaricate
--

--
-- Limiti per la tabella `cars`
--
ALTER TABLE `cars`
  ADD CONSTRAINT `cars_ibfk_1` FOREIGN KEY (`brand`) REFERENCES `brands` (`id`) ON DELETE SET NULL ON UPDATE CASCADE;
COMMIT;

/*!40101 SET CHARACTER_SET_CLIENT=@OLD_CHARACTER_SET_CLIENT */;
/*!40101 SET CHARACTER_SET_RESULTS=@OLD_CHARACTER_SET_RESULTS */;
/*!40101 SET COLLATION_CONNECTION=@OLD_COLLATION_CONNECTION */;
